date,temperature_mean,temperature_min,temperature_max,humidity_mean,humidity_min,humidity_max,precipitation_sum,rain_sum,wind_speed_mean,wind_speed_max,weather_code_mode,rain_hours,precipitation_hours
2022-01-01,20.84,18.1,25.9,79.92,55,95,2.3,2.3,16.59,22.1,3,8,8
2022-01-02,20.76,16.2,27.0,74.33,43,97,0.0,0.0,15.32,18.8,3,0,0
2022-01-03,20.48,15.6,26.9,71.42,40,98,0.0,0.0,12.69,16.6,3,0,0
2022-01-04,20.41,16.3,26.5,69.04,35,99,0.0,0.0,12.44,16.2,0,0,0
2022-01-05,20.26,14.8,26.4,68.58,35,99,0.0,0.0,8.93,15.9,3,0,0
2022-01-06,20.92,16.1,27.0,71.92,44,99,0.0,0.0,11.38,15.5,0,0,0
2022-01-07,21.33,17.3,26.3,71.5,45,100,0.1,0.1,12.42,17.2,3,1,1
2022-01-08,21.62,17.8,27.0,71.42,44,99,0.0,0.0,9.81,17.3,3,0,0
2022-01-09,21.48,17.1,27.0,70.79,41,97,0.0,0.0,9.43,13.7,2,0,0
2022-01-10,21.48,17.1,27.0,72.88,44,99,0.2,0.2,9.38,16.2,3,2,2
2022-01-11,21.58,16.3,27.9,72.12,38,100,0.1,0.1,9.24,14.3,1,1,1
2022-01-12,21.78,18.1,27.1,72.42,42,99,0.2,0.2,10.19,13.0,3,2,2
2022-01-13,21.54,17.1,27.4,67.62,39,94,0.0,0.0,9.42,14.7,3,0,0
2022-01-14,21.61,17.6,27.3,68.75,38,100,0.0,0.0,9.19,13.0,3,0,0
2022-01-15,21.75,16.2,28.2,64.75,28,96,0.0,0.0,7.82,16.6,3,0,0
2022-01-16,21.67,18.2,27.0,73.0,44,98,0.5,0.5,13.91,18.2,3,4,4
2022-01-17,21.14,17.3,26.8,70.62,40,94,0.2,0.2,14.7,19.5,3,1,1
2022-01-18,21.22,16.0,27.3,65.83,36,98,0.0,0.0,10.62,14.7,3,0,0
2022-01-19,20.83,15.8,27.1,62.67,31,100,0.0,0.0,9.97,13.6,0,0,0
2022-01-20,20.65,13.8,28.2,53.88,29,87,0.0,0.0,7.3,13.0,0,0,0
2022-01-21,22.02,15.2,30.2,50.33,19,90,0.0,0.0,9.43,18.0,2,0,0
2022-01-22,21.5,14.4,29.2,50.38,25,93,0.0,0.0,9.13,12.5,0,0,0
2022-01-23,21.34,14.5,28.5,47.83,27,75,0.0,0.0,8.47,12.9,0,0,0
2022-01-24,20.8,13.8,27.5,50.58,26,86,0.0,0.0,7.46,13.2,0,0,0
2022-01-25,20.8,14.2,27.6,52.92,35,77,0.0,0.0,8.4,14.2,3,0,0
2022-01-26,21.85,16.8,27.4,66.33,35,95,0.0,0.0,8.5,13.0,3,0,0
2022-01-27,21.16,17.4,25.2,73.62,52,95,2.3,2.3,10.17,16.6,1,6,6
2022-01-28,21.1,17.1,26.6,69.71,39,95,0.0,0.0,16.55,24.0,0,0,0
2022-01-29,21.18,16.0,27.9,71.92,40,97,0.0,0.0,15.24,19.3,3,0,0
2022-01-30,22.12,17.1,28.2,73.58,42,100,0.2,0.2,7.5,12.5,3,2,2
2022-01-31,23.38,17.9,29.7,66.5,36,100,0.0,0.0,6.7,15.5,0,0,0
2022-02-01,23.12,18.2,29.5,65.33,34,97,0.0,0.0,8.55,11.6,0,0,0
2022-02-02,22.7,16.7,29.9,64.42,35,97,0.0,0.0,7.75,13.7,0,0,0
2022-02-03,22.42,16.7,29.0,64.38,36,98,0.0,0.0,9.21,13.5,0,0,0
2022-02-04,22.33,15.5,29.4,51.96,19,92,0.0,0.0,8.98,12.3,0,0,0
2022-02-05,22.42,16.2,29.7,55.71,25,96,0.0,0.0,7.86,14.4,3,0,0
2022-02-06,22.54,17.6,28.3,65.96,32,97,0.0,0.0,12.42,15.9,1,0,0
2022-02-07,23.03,18.5,29.0,62.25,32,92,0.0,0.0,9.64,13.8,1,0,0
2022-02-08,22.26,16.2,28.8,62.62,31,99,0.0,0.0,8.95,12.9,3,0,0
2022-02-09,21.78,15.4,28.6,62.71,35,98,0.0,0.0,14.4,17.6,0,0,0
2022-02-10,21.8,15.9,28.9,57.0,26,96,0.0,0.0,11.68,16.3,3,0,0
2022-02-11,22.2,15.9,29.1,49.38,21,85,0.0,0.0,15.28,20.7,3,0,0
2022-02-12,22.25,16.3,28.8,51.12,31,71,0.0,0.0,15.44,20.5,0,0,0
2022-02-13,21.93,16.2,28.6,60.42,33,99,0.0,0.0,11.36,15.5,1,0,0
2022-02-14,21.95,15.9,28.3,59.58,28,99,0.0,0.0,9.65,16.8,1,0,0
2022-02-15,22.71,17.0,28.7,59.21,31,95,0.0,0.0,10.37,17.1,3,0,0
2022-02-16,22.7,16.0,29.5,56.75,30,95,0.0,0.0,10.5,19.2,3,0,0
2022-02-17,22.68,16.5,29.5,51.42,27,87,0.0,0.0,11.71,21.8,0,0,0
2022-02-18,22.38,15.2,29.4,56.0,28,93,0.0,0.0,14.98,20.4,0,0,0
2022-02-19,22.46,16.0,29.7,56.67,25,96,0.0,0.0,13.72,16.3,0,0,0
2022-02-20,22.98,16.0,30.8,52.46,20,96,0.0,0.0,8.69,15.5,0,0,0
2022-02-21,23.91,17.0,31.5,49.67,23,91,0.0,0.0,8.0,12.1,0,0,0
2022-02-22,24.55,18.7,31.4,52.0,24,86,0.0,0.0,12.32,19.8,0,0,0
2022-02-23,23.15,17.0,29.9,53.83,27,95,0.0,0.0,14.51,17.8,0,0,0
2022-02-24,22.17,15.9,29.0,53.46,25,96,0.0,0.0,13.15,14.9,0,0,0
2022-02-25,22.61,14.7,30.7,46.38,14,91,0.0,0.0,12.98,16.6,0,0,0
2022-02-26,22.16,15.7,29.7,56.04,19,99,0.0,0.0,13.14,16.0,0,0,0
2022-02-27,22.95,17.4,30.0,55.75,22,98,0.0,0.0,11.73,16.8,0,0,0
2022-02-28,22.89,16.0,29.4,46.33,19,84,0.0,0.0,13.01,17.6,0,0,0
2022-03-01,23.66,17.0,30.1,46.38,23,95,0.0,0.0,15.23,19.1,3,0,0
2022-03-02,23.31,17.3,30.2,30.92,14,54,0.0,0.0,16.0,19.7,3,0,0
2022-03-03,23.27,16.4,30.5,37.29,17,56,0.0,0.0,15.8,22.4,3,0,0
2022-03-04,23.42,16.1,31.3,40.08,12,72,0.0,0.0,15.03,23.2,3,0,0
2022-03-05,23.38,15.9,30.9,43.33,17,82,0.0,0.0,15.32,20.4,3,0,0
2022-03-06,23.49,17.3,30.7,50.75,26,77,0.0,0.0,16.58,22.6,3,0,0
2022-03-07,21.78,17.7,27.8,68.71,45,90,3.4,3.4,17.29,22.5,1,6,6
2022-03-08,23.58,17.3,30.2,58.75,28,99,0.1,0.1,12.15,17.1,0,1,1
2022-03-09,24.57,17.6,31.8,46.12,21,79,0.0,0.0,14.24,17.7,0,0,0
2022-03-10,25.1,18.8,32.5,38.38,19,59,0.0,0.0,13.92,18.3,0,0,0
2022-03-11,25.1,18.2,32.4,33.42,15,53,0.0,0.0,13.95,18.8,0,0,0
2022-03-12,25.1,17.9,32.2,33.5,18,54,0.0,0.0,14.06,19.6,0,0,0
2022-03-13,25.27,18.6,31.9,33.29,21,51,0.0,0.0,15.16,19.1,3,0,0
2022-03-14,25.68,18.8,32.8,40.33,22,64,0.0,0.0,12.42,17.9,0,0,0
2022-03-15,25.22,17.8,33.1,39.5,16,79,0.0,0.0,8.67,13.5,3,0,0
2022-03-16,25.15,17.4,33.2,40.38,18,75,0.0,0.0,10.63,20.4,3,0,0
2022-03-17,26.36,18.4,33.8,32.54,14,60,0.0,0.0,10.52,16.5,3,0,0
2022-03-18,26.42,19.2,34.2,36.04,16,60,0.0,0.0,8.63,15.1,3,0,0
2022-03-19,25.96,19.2,32.3,45.79,22,80,0.0,0.0,9.02,19.9,0,0,0
2022-03-20,24.75,22.0,29.9,55.54,36,74,0.0,0.0,7.78,10.6,3,0,0
2022-03-21,25.01,19.8,33.0,61.46,30,86,0.2,0.2,7.79,17.1,0,2,2
2022-03-22,24.82,21.0,31.2,63.96,38,89,0.0,0.0,7.39,12.2,3,0,0
2022-03-23,26.51,20.9,32.9,52.79,32,79,0.0,0.0,9.88,15.8,0,0,0
2022-03-24,26.25,20.6,32.7,56.46,31,86,0.4,0.4,8.04,21.1,1,2,2
2022-03-25,26.06,20.3,32.2,58.08,35,86,0.0,0.0,8.22,13.9,0,0,0
2022-03-26,26.38,20.2,33.2,57.21,31,89,0.0,0.0,6.71,14.3,0,0,0
2022-03-27,26.9,20.8,34.2,52.62,22,90,0.0,0.0,9.1,19.7,0,0,0
2022-03-28,27.17,20.8,34.3,51.17,23,82,0.0,0.0,10.04,15.2,0,0,0
2022-03-29,27.22,21.2,34.0,51.67,27,80,0.1,0.1,8.6,13.0,0,1,1
2022-03-30,27.63,21.5,33.9,46.08,25,72,0.2,0.2,8.37,16.0,1,1,1
2022-03-31,27.23,21.7,32.3,49.75,27,83,0.0,0.0,7.85,11.1,0,0,0
2022-04-01,27.44,21.7,33.5,43.67,25,66,0.0,0.0,10.35,16.4,0,0,0
2022-04-02,26.61,20.3,32.8,50.79,27,80,0.0,0.0,8.95,14.0,0,0,0
2022-04-03,26.46,19.9,33.7,51.21,22,96,0.0,0.0,11.32,19.1,0,0,0
2022-04-04,26.37,19.7,32.9,50.79,22,93,0.0,0.0,13.76,19.2,1,0,0
2022-04-05,26.01,19.6,33.1,53.42,20,98,0.0,0.0,14.82,22.3,0,0,0
2022-04-06,26.18,18.9,33.8,52.5,19,96,0.0,0.0,10.06,15.6,0,0,0
2022-04-07,27.0,20.0,35.3,47.58,17,86,0.0,0.0,10.96,26.6,0,0,0
2022-04-08,26.45,19.4,33.2,53.42,27,93,0.1,0.1,10.22,15.5,3,1,1
2022-04-09,26.9,20.5,33.7,53.5,23,91,0.0,0.0,9.89,17.2,3,0,0
2022-04-10,26.9,20.3,34.1,52.58,20,91,0.0,0.0,10.52,18.8,3,0,0
2022-04-11,27.0,20.4,34.0,57.46,21,98,0.0,0.0,10.92,17.5,3,0,0
2022-04-12,26.41,20.9,33.3,60.71,27,94,0.0,0.0,10.72,18.8,3,0,0
2022-04-13,25.57,21.7,31.6,70.33,45,91,2.5,2.5,11.35,21.9,3,3,3
2022-04-14,24.82,20.9,32.2,72.08,38,95,12.8,12.8,6.61,15.8,3,3,3
2022-04-15,25.99,20.4,33.7,66.92,29,100,5.3,5.3,7.07,13.2,3,2,2
2022-04-16,25.83,20.2,33.8,67.0,31,98,4.2,4.2,6.68,21.4,0,4,4
2022-04-17,24.28,19.3,33.0,72.04,36,98,10.5,10.5,7.09,21.8,0,4,4
2022-04-18,24.25,19.2,31.7,71.08,40,95,0.2,0.2,7.98,15.9,1,1,1
2022-04-19,25.92,19.5,33.2,62.96,31,93,0.0,0.0,7.16,17.1,3,0,0
2022-04-20,27.69,20.6,34.4,51.5,25,85,0.0,0.0,8.52,15.9,0,0,0
2022-04-21,27.04,20.8,33.7,55.62,26,89,0.0,0.0,11.05,18.2,0,0,0
2022-04-22,26.17,20.1,33.4,60.67,26,99,0.0,0.0,9.92,19.5,0,0,0
2022-04-23,26.37,20.5,33.0,60.04,28,97,0.0,0.0,9.95,16.3,3,0,0
2022-04-24,26.36,20.3,33.2,54.58,20,91,0.0,0.0,7.78,13.9,3,0,0
2022-04-25,27.55,20.9,34.7,48.33,26,81,0.0,0.0,9.55,15.1,0,0,0
2022-04-26,27.97,21.5,34.7,44.54,25,67,0.0,0.0,8.02,14.7,0,0,0
2022-04-27,28.3,21.2,35.3,47.29,25,80,0.0,0.0,11.19,17.3,0,0,0
2022-04-28,27.95,21.9,34.9,49.88,24,80,0.0,0.0,10.38,14.5,0,0,0
2022-04-29,28.98,21.8,37.1,43.33,19,77,0.0,0.0,9.39,18.0,0,0,0
2022-04-30,27.82,21.8,34.7,56.04,30,95,0.0,0.0,11.44,17.3,1,0,0
2022-05-01,27.85,21.7,34.2,54.0,29,82,0.0,0.0,9.09,14.2,0,0,0
2022-05-02,27.53,21.7,34.2,57.71,30,90,0.0,0.0,10.1,13.0,1,0,0
2022-05-03,26.5,20.7,34.1,63.88,33,95,1.6,1.6,9.44,21.6,0,3,3
2022-05-04,26.15,21.3,33.3,64.29,36,93,0.7,0.7,5.52,11.2,1,3,3
2022-05-05,24.68,20.3,31.4,76.38,46,98,0.6,0.6,6.48,16.7,1,2,2
2022-05-06,24.03,20.3,31.0,78.92,49,98,10.7,10.7,5.78,10.5,0,4,4
2022-05-07,25.32,20.2,31.5,69.0,43,92,0.6,0.6,7.38,15.5,1,1,1
2022-05-08,26.21,19.7,33.0,63.83,35,97,0.1,0.1,8.57,14.6,3,1,1
2022-05-09,25.74,19.9,31.6,68.0,39,98,0.1,0.1,10.16,13.7,3,1,1
2022-05-10,23.27,21.4,27.2,85.71,65,95,4.9,4.9,18.08,23.9,3,8,8
2022-05-11,22.7,20.8,25.5,79.75,63,96,0.4,0.4,21.56,27.7,3,4,4
2022-05-12,21.96,20.3,24.8,85.96,70,98,20.6,20.6,17.45,22.1,3,15,15
2022-05-13,22.65,20.2,27.3,86.58,65,98,18.1,18.1,14.93,20.4,3,13,13
2022-05-14,23.37,20.3,28.8,86.12,62,99,14.6,14.6,11.24,16.3,3,9,9
2022-05-15,23.85,20.8,29.2,83.67,61,100,17.3,17.3,10.47,15.6,51,14,14
2022-05-16,23.12,21.0,27.6,88.04,66,99,25.1,25.1,9.13,15.0,51,20,20
2022-05-17,23.11,20.7,28.0,88.12,64,100,18.0,18.0,5.92,10.9,3,12,12
2022-05-18,22.69,20.5,27.3,88.42,67,98,13.4,13.4,6.74,16.2,3,15,15
2022-05-19,21.56,19.2,24.6,86.33,68,98,0.9,0.9,16.9,26.3,3,4,4
2022-05-20,22.08,18.5,26.2,84.33,68,98,4.9,4.9,16.52,22.9,3,8,8
2022-05-21,22.76,19.3,26.9,77.88,51,99,0.5,0.5,19.33,27.8,3,5,5
2022-05-22,22.86,19.8,27.8,81.54,60,97,0.6,0.6,17.48,23.1,3,2,2
2022-05-23,24.25,19.7,29.5,75.71,51,98,0.3,0.3,14.95,20.0,3,3,3
2022-05-24,24.52,20.2,29.5,77.5,54,99,0.4,0.4,10.8,14.6,3,3,3
2022-05-25,24.79,20.5,29.6,76.21,54,100,0.5,0.5,8.16,13.3,3,3,3
2022-05-26,23.65,19.9,29.5,80.75,57,98,3.6,3.6,9.04,12.6,0,4,4
2022-05-27,23.97,19.9,29.4,73.33,45,99,0.1,0.1,12.13,15.5,0,1,1
2022-05-28,24.16,19.2,29.5,72.46,48,98,0.3,0.3,11.32,15.5,0,1,1
2022-05-29,24.28,19.5,29.7,71.96,49,98,0.0,0.0,10.75,14.6,0,0,0
2022-05-30,23.84,19.5,29.9,76.92,49,97,6.2,6.2,10.34,22.0,0,7,7
2022-05-31,23.66,19.3,29.4,78.17,54,99,2.1,2.1,12.22,16.6,3,4,4
2022-06-01,23.11,19.4,29.2,82.5,58,98,4.8,4.8,11.13,18.9,3,5,5
2022-06-02,23.81,19.5,29.5,78.17,54,99,0.5,0.5,11.63,16.2,3,2,2
2022-06-03,23.93,19.7,29.8,79.96,52,99,8.7,8.7,11.6,24.0,3,4,4
2022-06-04,24.74,19.8,31.4,75.75,46,99,9.4,9.4,9.09,14.0,1,1,1
2022-06-05,23.98,20.3,30.3,80.71,57,100,15.1,15.1,10.0,21.0,3,2,2
2022-06-06,23.62,19.9,29.1,82.12,60,99,7.4,7.4,9.0,13.8,3,4,4
2022-06-07,23.1,19.9,27.3,84.04,65,99,1.3,1.3,12.09,18.4,3,4,4
2022-06-08,23.68,19.9,29.4,78.42,52,99,0.4,0.4,13.3,19.5,3,1,1
2022-06-09,23.93,20.0,29.6,77.71,55,96,0.7,0.7,14.33,20.9,3,1,1
2022-06-10,23.93,19.4,29.0,75.25,54,98,1.8,1.8,14.6,21.2,3,2,2
2022-06-11,23.21,19.3,28.5,79.08,59,98,1.6,1.6,13.85,20.7,3,5,5
2022-06-12,23.02,19.3,28.4,81.29,56,98,11.0,11.0,13.59,19.7,3,4,4
2022-06-13,23.68,19.3,28.8,77.04,54,99,0.1,0.1,11.12,16.9,3,1,1
2022-06-14,23.43,19.5,29.3,80.71,56,98,11.8,11.8,10.02,14.0,3,7,7
2022-06-15,23.12,20.6,27.7,83.17,62,98,0.5,0.5,10.7,16.6,3,4,4
2022-06-16,23.05,20.0,28.7,83.12,56,99,10.2,10.2,10.19,15.0,3,9,9
2022-06-17,22.86,19.5,28.2,83.62,60,98,7.7,7.7,6.12,12.2,3,10,10
2022-06-18,22.42,19.5,26.7,87.67,69,99,24.1,24.1,6.16,10.7,51,14,14
2022-06-19,22.78,20.0,27.6,84.62,61,99,3.0,3.0,9.93,12.4,3,7,7
2022-06-20,23.06,19.2,28.0,81.54,61,98,1.7,1.7,12.43,16.2,3,5,5
2022-06-21,22.22,19.8,27.0,85.17,64,97,7.1,7.1,15.36,19.9,3,8,8
2022-06-22,22.24,19.9,26.2,85.42,67,98,0.9,0.9,15.68,19.7,3,6,6
2022-06-23,22.15,19.7,26.8,86.12,63,98,0.9,0.9,14.13,21.1,3,4,4
2022-06-24,23.08,19.4,27.5,80.33,61,100,1.2,1.2,18.36,25.1,3,5,5
2022-06-25,22.49,19.6,27.9,82.0,58,97,10.2,10.2,19.25,27.2,3,11,11
2022-06-26,23.2,20.2,27.2,76.88,58,94,1.0,1.0,20.4,27.5,3,7,7
2022-06-27,23.1,19.7,27.9,76.38,53,96,0.5,0.5,18.58,23.8,3,5,5
2022-06-28,22.88,19.5,27.4,78.0,54,93,1.0,1.0,14.72,19.5,3,6,6
2022-06-29,22.58,19.9,27.7,83.71,61,97,3.0,3.0,16.3,22.6,3,6,6
2022-06-30,22.45,19.5,27.7,84.75,62,97,13.3,13.3,16.02,19.7,3,12,12
2022-07-01,22.91,19.6,27.3,82.54,62,97,6.3,6.3,18.35,24.9,51,13,13
2022-07-02,23.44,19.7,28.2,78.92,59,96,3.4,3.4,17.18,24.1,3,8,8
2022-07-03,22.68,20.0,28.1,82.83,59,96,4.9,4.9,16.51,20.0,3,9,9
2022-07-04,21.85,20.3,25.3,85.42,69,92,1.7,1.7,21.9,29.2,3,12,12
2022-07-05,21.36,19.8,24.1,88.62,74,96,10.3,10.3,20.45,27.2,51,19,19
2022-07-06,21.62,19.7,24.9,87.46,68,97,3.6,3.6,18.68,25.9,51,19,19
2022-07-07,21.32,19.8,24.1,89.79,77,96,15.2,15.2,18.8,24.5,51,23,23
2022-07-08,22.13,19.6,26.2,82.08,62,95,1.4,1.4,22.68,31.1,3,7,7
2022-07-09,21.03,19.5,23.7,89.58,75,97,11.4,11.4,20.7,27.7,51,23,23
2022-07-10,21.47,19.5,25.0,87.54,70,96,4.1,4.1,20.91,30.1,51,18,18
2022-07-11,20.98,19.3,24.1,88.83,70,96,5.0,5.0,21.61,27.8,51,17,17
2022-07-12,22.08,19.0,26.1,80.12,60,95,0.9,0.9,24.14,32.0,3,6,6
2022-07-13,21.81,19.7,26.3,81.58,61,91,3.3,3.3,25.13,32.8,51,15,15
2022-07-14,22.1,19.6,26.2,78.96,64,90,5.3,5.3,25.7,34.8,3,11,11
2022-07-15,22.78,19.7,27.0,76.54,61,89,1.7,1.7,23.2,29.2,3,7,7
2022-07-16,22.36,19.7,27.2,83.38,59,95,7.2,7.2,19.75,29.0,3,12,12
2022-07-17,22.59,19.8,27.7,83.54,58,96,5.0,5.0,18.27,27.0,3,9,9
2022-07-18,22.15,20.1,26.8,87.0,65,97,5.0,5.0,14.55,22.1,3,10,10
2022-07-19,22.51,18.9,27.5,83.83,63,98,1.8,1.8,11.4,17.7,3,4,4
2022-07-20,23.08,19.8,28.7,83.71,60,100,18.6,18.6,8.65,12.2,3,8,8
2022-07-21,22.84,20.0,28.0,84.33,62,98,10.0,10.0,10.63,17.3,51,13,13
2022-07-22,22.44,20.0,26.9,84.92,64,99,12.9,12.9,11.02,16.9,3,12,12
2022-07-23,22.02,19.3,27.0,84.62,62,98,1.6,1.6,13.74,19.8,3,9,9
2022-07-24,22.15,18.7,26.3,82.21,61,98,1.7,1.7,14.67,22.5,3,8,8
2022-07-25,22.84,18.7,27.4,77.33,56,98,0.3,0.3,12.23,19.8,3,2,2
2022-07-26,22.25,19.1,26.9,83.17,63,98,2.5,2.5,10.02,16.8,3,7,7
2022-07-27,22.36,18.3,28.4,82.83,55,99,5.6,5.6,6.73,13.7,3,10,10
2022-07-28,22.58,19.1,28.0,84.92,59,100,4.9,4.9,4.88,12.2,3,9,9
2022-07-29,22.94,18.7,29.0,84.04,60,99,5.0,5.0,5.6,12.5,3,7,7
2022-07-30,23.0,18.9,28.3,83.29,58,99,12.7,12.7,5.91,12.9,3,13,13
2022-07-31,22.92,19.3,28.2,85.21,60,100,9.9,9.9,7.23,11.5,3,13,13
2022-08-01,22.69,19.9,27.9,86.33,64,98,39.6,39.6,7.8,12.0,3,15,15
2022-08-02,22.55,19.7,27.6,85.83,62,100,25.0,25.0,8.74,14.1,3,15,15
2022-08-03,21.74,19.2,26.8,89.17,65,99,17.7,17.7,6.25,11.4,3,14,14
2022-08-04,21.6,19.7,25.0,90.17,71,98,17.6,17.6,8.95,18.9,3,15,15
2022-08-05,20.84,19.7,23.2,91.25,80,97,24.2,24.2,22.7,31.9,51,22,22
2022-08-06,21.53,19.6,25.0,86.33,69,95,5.2,5.2,22.89,28.6,51,16,16
2022-08-07,21.53,20.0,24.0,87.92,76,96,5.2,5.2,21.59,29.9,51,17,17
2022-08-08,21.97,19.8,25.9,83.96,68,95,3.7,3.7,23.8,32.4,3,12,12
2022-08-09,22.37,19.9,26.4,76.83,59,89,0.9,0.9,26.13,36.6,3,8,8
2022-08-10,22.22,19.4,26.5,77.54,60,91,2.5,2.5,25.48,34.9,3,11,11
2022-08-11,22.51,19.4,27.2,77.17,58,89,1.7,1.7,23.8,32.0,3,10,10
2022-08-12,22.78,20.0,26.7,77.04,62,91,1.0,1.0,20.78,28.2,3,8,8
2022-08-13,22.57,19.2,27.4,77.75,57,95,0.5,0.5,17.0,23.1,3,5,5
2022-08-14,22.2,18.7,26.2,76.96,60,91,0.0,0.0,16.17,22.5,3,0,0
2022-08-15,22.55,18.3,27.6,78.21,54,99,0.0,0.0,11.89,18.4,3,0,0
2022-08-16,23.02,18.6,27.7,77.71,56,98,0.3,0.3,7.54,12.8,3,3,3
2022-08-17,23.41,18.6,28.0,76.33,60,97,0.2,0.2,7.74,11.9,3,2,2
2022-08-18,23.37,19.3,28.3,77.79,58,97,0.9,0.9,12.03,16.9,3,7,7
2022-08-19,23.07,19.9,27.6,80.04,62,97,0.3,0.3,13.37,19.2,3,3,3
2022-08-20,22.95,19.1,27.1,77.54,60,94,0.3,0.3,13.31,16.9,3,3,3
2022-08-21,22.28,19.3,26.0,85.25,66,98,3.6,3.6,13.45,17.6,3,8,8
2022-08-22,22.16,19.4,27.3,84.5,62,98,4.4,4.4,16.4,23.5,3,10,10
2022-08-23,22.12,19.3,27.5,84.62,63,98,3.2,3.2,15.46,20.6,3,8,8
2022-08-24,21.37,19.2,25.8,87.38,66,98,8.0,8.0,13.18,19.0,3,12,12
2022-08-25,21.77,19.2,26.7,86.75,63,99,9.3,9.3,12.25,18.0,51,15,15
2022-08-26,21.79,19.1,26.1,87.46,70,98,20.2,20.2,10.39,16.4,51,20,20
2022-08-27,21.72,19.4,27.4,88.17,63,98,16.7,16.7,10.66,17.0,51,24,24
2022-08-28,22.13,19.3,27.0,86.0,65,99,4.2,4.2,10.8,16.3,51,14,14
2022-08-29,22.14,19.2,27.2,87.33,65,100,17.3,17.3,7.19,10.7,3,15,15
2022-08-30,22.72,19.3,28.0,84.67,62,99,9.3,9.3,7.7,14.7,51,20,20
2022-08-31,22.3,19.5,27.5,86.42,60,98,5.2,5.2,7.91,20.1,3,3,3
2022-09-01,21.94,19.5,27.1,88.96,62,100,12.5,12.5,6.16,14.4,3,6,6
2022-09-02,22.69,19.1,27.6,81.54,57,100,1.4,1.4,7.85,12.1,51,10,10
2022-09-03,23.06,19.0,27.9,83.33,60,100,1.6,1.6,4.42,8.6,51,8,8
2022-09-04,23.14,19.0,28.5,84.25,60,100,11.8,11.8,6.33,11.9,51,13,13
2022-09-05,22.62,19.3,28.7,86.46,63,99,5.8,5.8,7.07,12.4,3,10,10
2022-09-06,22.04,18.3,27.6,88.29,67,99,12.7,12.7,5.85,11.0,51,12,12
2022-09-07,21.88,19.8,26.3,89.58,71,99,8.1,8.1,12.25,16.6,51,20,20
2022-09-08,21.12,19.6,23.5,92.04,81,98,7.3,7.3,15.23,18.9,51,23,23
2022-09-09,22.06,19.4,26.2,87.29,68,98,3.0,3.0,16.25,22.6,3,11,11
2022-09-10,21.93,19.9,26.7,87.67,66,96,8.9,8.9,18.66,23.5,3,12,12
2022-09-11,22.56,19.5,26.9,82.12,64,97,2.6,2.6,22.36,30.4,3,10,10
2022-09-12,22.58,19.5,27.0,79.33,61,94,0.8,0.8,22.18,31.1,3,7,7
2022-09-13,22.2,18.6,27.0,83.67,65,98,1.2,1.2,16.67,22.4,3,7,7
2022-09-14,22.15,19.4,27.1,85.71,67,99,1.2,1.2,13.36,19.2,3,9,9
2022-09-15,22.01,18.7,26.4,83.54,65,98,0.8,0.8,12.91,18.7,3,2,2
2022-09-16,22.3,18.3,27.5,80.67,57,99,0.1,0.1,12.91,17.9,3,1,1
2022-09-17,22.47,18.6,27.2,82.21,60,100,0.4,0.4,11.29,14.4,1,3,3
2022-09-18,22.58,18.5,27.2,78.62,56,98,0.4,0.4,10.85,14.8,3,4,4
2022-09-19,22.1,18.9,27.4,80.67,54,98,0.4,0.4,12.32,20.9,3,4,4
2022-09-20,21.78,17.5,27.3,79.71,52,100,0.1,0.1,12.32,21.0,3,1,1
2022-09-21,21.9,17.9,27.0,79.04,55,100,0.9,0.9,12.47,17.8,3,7,7
2022-09-22,21.92,18.3,27.5,75.5,47,99,0.0,0.0,12.35,20.5,3,0,0
2022-09-23,22.03,17.5,27.1,75.0,51,98,0.4,0.4,11.11,16.9,3,3,3
2022-09-24,22.3,18.2,28.0,78.08,49,98,1.6,1.6,12.64,17.9,1,5,5
2022-09-25,22.6,18.3,27.8,75.5,51,100,0.6,0.6,10.2,14.5,3,3,3
2022-09-26,22.28,19.4,26.4,79.29,63,92,3.0,3.0,9.63,16.3,3,9,9
2022-09-27,23.0,19.9,27.6,77.33,56,94,1.2,1.2,10.35,16.4,3,9,9
2022-09-28,23.51,19.9,27.9,72.12,54,87,0.3,0.3,9.64,14.3,3,3,3
2022-09-29,22.78,18.8,27.9,75.33,52,96,0.0,0.0,11.17,17.1,3,0,0
2022-09-30,21.22,18.7,24.9,86.12,70,98,8.1,8.1,14.01,19.7,3,13,13
2022-10-01,20.64,19.5,22.9,90.62,78,98,6.0,6.0,14.46,17.9,51,19,19
2022-10-02,22.04,19.5,26.9,83.67,62,96,0.9,0.9,14.2,20.4,3,7,7
2022-10-03,22.4,18.6,26.8,80.12,60,98,0.7,0.7,13.4,19.2,3,5,5
2022-10-04,22.37,18.5,26.8,79.42,58,98,0.2,0.2,11.72,19.0,3,2,2
2022-10-05,22.59,19.0,27.3,80.5,58,95,1.2,1.2,10.34,17.9,3,6,6
2022-10-06,21.51,19.1,25.7,85.38,67,98,5.5,5.5,10.98,16.8,3,7,7
2022-10-07,21.8,17.7,26.8,78.21,56,99,1.1,1.1,10.3,14.5,3,8,8
2022-10-08,22.16,16.5,27.0,75.25,54,99,0.1,0.1,7.46,11.3,3,1,1
2022-10-09,21.64,18.8,26.1,87.58,65,99,15.9,15.9,6.54,13.8,51,16,16
2022-10-10,21.95,19.3,26.8,86.88,65,99,9.7,9.7,5.03,9.4,51,17,17
2022-10-11,22.18,19.7,25.9,87.42,69,98,6.5,6.5,6.93,13.9,51,16,16
2022-10-12,21.46,18.8,26.1,89.17,70,98,23.6,23.6,6.28,10.8,3,15,15
2022-10-13,21.82,18.7,26.4,85.92,64,100,21.9,21.9,4.5,9.8,3,11,11
2022-10-14,21.9,19.0,26.5,85.92,65,100,8.2,8.2,5.61,10.3,3,13,13
2022-10-15,22.34,18.8,27.4,83.58,59,99,7.8,7.8,8.27,13.8,51,15,15
2022-10-16,22.04,18.9,26.6,87.21,68,99,17.1,17.1,6.84,13.8,51,16,16
2022-10-17,22.28,19.5,27.3,85.92,63,99,2.7,2.7,8.78,16.2,3,9,9
2022-10-18,21.91,19.0,26.4,86.46,64,100,2.9,2.9,5.17,9.7,3,6,6
2022-10-19,21.98,18.2,27.2,84.88,62,100,6.5,6.5,4.86,7.2,3,10,10
2022-10-20,21.65,18.2,26.9,86.54,58,100,10.7,10.7,7.4,15.3,3,7,7
2022-10-21,21.65,18.1,27.1,86.0,64,99,2.7,2.7,11.02,18.9,3,9,9
2022-10-22,21.51,17.5,26.8,79.33,53,100,0.0,0.0,10.07,16.8,3,0,0
2022-10-23,20.45,16.1,25.7,72.75,53,91,0.0,0.0,9.05,13.6,0,0,0
2022-10-24,19.57,14.9,25.0,63.71,45,85,0.0,0.0,11.05,15.7,0,0,0
2022-10-25,19.7,13.8,25.1,60.33,40,76,0.0,0.0,8.72,10.7,0,0,0
2022-10-26,20.14,14.6,25.6,66.17,49,84,0.0,0.0,7.41,10.3,0,0,0
2022-10-27,20.73,15.4,27.1,62.38,41,83,0.0,0.0,9.22,12.4,0,0,0
2022-10-28,20.95,17.2,25.9,79.08,54,98,0.3,0.3,11.86,15.5,0,3,3
2022-10-29,21.58,18.1,26.0,80.71,59,98,1.0,1.0,13.33,19.0,3,9,9
2022-10-30,21.38,18.4,25.9,84.0,62,98,1.5,1.5,12.11,17.6,3,7,7
2022-10-31,21.3,17.7,26.4,73.58,51,99,0.0,0.0,11.28,16.5,3,0,0
2022-11-01,20.1,17.1,24.6,87.79,69,98,14.0,14.0,11.88,16.4,3,12,12
2022-11-02,19.82,17.5,23.7,90.92,72,98,9.9,9.9,14.08,19.4,3,12,12
2022-11-03,21.33,18.6,25.2,82.75,62,98,0.3,0.3,13.86,19.1,3,2,2
2022-11-04,21.96,18.9,26.7,80.96,58,98,1.3,1.3,13.36,20.0,3,7,7
2022-11-05,21.96,19.0,26.9,79.96,53,98,0.5,0.5,14.13,18.7,3,4,4
2022-11-06,21.45,17.8,26.2,79.88,55,99,0.4,0.4,13.59,18.5,3,4,4
2022-11-07,21.0,17.2,26.3,71.29,38,98,0.0,0.0,11.22,15.2,3,0,0
2022-11-08,21.45,17.1,27.1,72.75,48,98,0.0,0.0,12.25,15.9,3,0,0
2022-11-09,21.06,16.3,26.9,66.83,42,96,0.0,0.0,11.67,13.9,0,0,0
2022-11-10,21.22,16.6,27.2,74.67,44,96,0.3,0.3,13.47,17.7,0,2,2
2022-11-11,19.43,18.0,21.9,87.33,74,96,20.5,20.5,17.09,23.9,3,11,11
2022-11-12,20.53,18.6,23.1,88.54,77,96,3.0,3.0,18.46,26.8,51,16,16
2022-11-13,20.99,18.7,24.5,88.58,72,98,2.0,2.0,15.15,23.6,3,8,8
2022-11-14,21.46,18.4,26.6,82.75,55,99,1.5,1.5,13.05,16.3,51,10,10
2022-11-15,21.48,18.3,25.9,82.21,60,99,1.5,1.5,8.9,12.6,3,7,7
2022-11-16,21.7,18.0,26.8,75.04,48,100,0.0,0.0,9.22,11.2,1,0,0
2022-11-17,19.93,14.8,25.9,66.25,41,93,0.0,0.0,9.37,13.0,0,0,0
2022-11-18,19.17,13.4,25.8,57.0,31,80,0.0,0.0,10.24,14.3,3,0,0
2022-11-19,18.89,13.1,25.4,63.42,38,90,0.0,0.0,10.76,16.8,3,0,0
2022-11-20,18.59,13.0,24.7,67.79,37,95,0.0,0.0,8.86,13.4,3,0,0
2022-11-21,19.31,13.8,25.0,63.42,49,81,0.1,0.1,10.0,13.8,3,1,1
2022-11-22,20.05,16.7,24.7,84.0,62,96,1.8,1.8,10.26,15.6,3,6,6
2022-11-23,20.41,18.4,24.1,90.58,74,98,8.3,8.3,5.77,8.3,51,17,17
2022-11-24,21.2,19.2,26.4,89.12,63,98,3.7,3.7,9.64,16.4,51,13,13
2022-11-25,21.68,18.2,26.7,80.71,55,99,0.4,0.4,11.27,15.3,3,3,3
2022-11-26,21.63,18.0,27.3,78.54,49,100,0.0,0.0,9.55,11.5,3,0,0
2022-11-27,22.1,18.6,26.8,78.96,53,100,0.8,0.8,7.55,11.5,3,7,7
2022-11-28,22.33,18.8,27.3,77.12,49,98,0.9,0.9,6.45,9.1,3,7,7
2022-11-29,22.07,18.2,27.3,71.92,46,98,0.1,0.1,9.15,12.6,1,1,1
2022-11-30,20.17,15.8,26.1,71.5,43,100,0.0,0.0,10.09,12.3,0,0,0
2022-12-01,21.04,16.6,26.4,82.12,58,99,0.7,0.7,11.64,17.7,3,4,4
2022-12-02,22.32,19.0,26.9,76.71,52,99,0.0,0.0,11.45,14.2,3,0,0
2022-12-03,22.18,18.4,27.3,78.62,50,99,0.3,0.3,12.98,17.7,3,3,3
2022-12-04,22.66,19.2,27.7,73.17,47,95,0.0,0.0,13.88,17.2,3,0,0
2022-12-05,21.7,17.1,27.2,76.08,48,99,0.0,0.0,13.14,20.8,3,0,0
2022-12-06,21.91,17.9,27.1,71.88,46,99,0.0,0.0,11.12,14.4,3,0,0
2022-12-07,20.51,16.5,27.1,64.12,31,96,0.0,0.0,10.35,16.5,3,0,0
2022-12-08,20.66,16.0,25.7,57.5,41,81,0.2,0.2,12.9,18.4,3,1,1
2022-12-09,18.05,15.8,20.5,69.21,49,91,3.4,3.4,16.93,21.6,3,8,8
2022-12-10,17.74,16.6,18.5,95.58,92,98,32.5,32.5,19.03,25.8,61,24,24
2022-12-11,19.54,17.9,21.9,88.46,73,98,4.5,4.5,10.27,14.8,3,12,12
2022-12-12,20.63,18.4,23.9,89.96,72,99,4.0,4.0,12.98,17.8,3,10,10
2022-12-13,20.69,18.9,24.6,88.88,69,98,7.0,7.0,16.01,20.3,3,12,12
2022-12-14,20.62,17.8,25.1,82.46,56,99,0.1,0.1,15.25,21.3,3,1,1
2022-12-15,20.05,15.8,25.7,70.83,37,100,0.0,0.0,11.07,14.8,0,0,0
2022-12-16,19.81,15.2,26.0,64.0,40,88,0.0,0.0,11.78,16.6,0,0,0
2022-12-17,20.16,15.3,26.2,73.21,51,95,0.0,0.0,11.85,18.8,3,0,0
2022-12-18,20.63,16.6,26.0,80.96,51,99,0.0,0.0,12.92,21.0,3,0,0
2022-12-19,19.95,16.6,24.7,74.79,48,98,0.1,0.1,12.98,17.1,3,1,1
2022-12-20,19.8,14.9,26.4,74.42,43,97,0.0,0.0,11.76,16.4,3,0,0
2022-12-21,19.35,14.9,25.8,68.38,37,99,0.0,0.0,11.63,16.2,3,0,0
2022-12-22,19.18,14.3,25.8,68.04,42,91,0.0,0.0,12.63,19.2,3,0,0
2022-12-23,19.35,13.3,26.4,68.46,36,98,0.0,0.0,10.8,14.5,0,0,0
2022-12-24,19.32,12.9,26.7,65.38,35,90,0.0,0.0,11.07,15.3,2,0,0
2022-12-25,20.21,16.1,25.5,87.38,66,100,1.5,1.5,15.29,21.2,3,8,8
2022-12-26,21.62,19.1,26.4,84.42,59,99,0.8,0.8,15.97,19.6,3,7,7
2022-12-27,21.7,18.8,26.7,82.92,58,98,1.4,1.4,15.3,19.7,3,8,8
2022-12-28,22.0,18.5,27.0,77.54,51,100,0.0,0.0,11.92,14.2,0,0,0
2022-12-29,21.08,16.6,27.4,71.71,40,100,0.0,0.0,9.6,14.1,0,0,0
2022-12-30,20.74,15.8,27.2,68.04,37,95,0.0,0.0,9.92,13.9,0,0,0
2022-12-31,20.29,14.8,27.2,64.46,30,99,0.0,0.0,7.99,10.4,0,0,0
2023-01-01,20.76,14.9,27.5,62.71,38,95,0.0,0.0,10.58,16.0,0,0,0
2023-01-02,20.56,15.5,26.7,64.21,34,96,0.0,0.0,12.52,16.2,0,0,0
2023-01-03,20.01,14.9,26.5,70.0,38,99,0.0,0.0,10.21,14.1,0,0,0
2023-01-04,20.4,16.0,26.4,70.75,37,99,0.0,0.0,13.75,17.0,0,0,0
2023-01-05,20.04,15.8,25.1,74.62,48,97,0.1,0.1,16.02,20.4,1,1,1
2023-01-06,19.81,15.0,26.8,73.46,39,98,0.0,0.0,16.9,22.9,3,0,0
2023-01-07,20.36,15.3,26.6,68.42,40,95,0.0,0.0,14.08,18.1,0,0,0
2023-01-08,20.31,15.8,26.7,68.29,37,98,0.0,0.0,11.3,15.0,0,0,0
2023-01-09,19.05,14.5,26.1,59.04,20,99,0.0,0.0,11.59,14.4,0,0,0
2023-01-10,18.45,12.7,26.6,64.04,24,98,0.0,0.0,12.33,17.1,0,0,0
2023-01-11,18.7,11.9,27.2,60.21,21,99,0.0,0.0,10.52,14.7,0,0,0
2023-01-12,19.69,12.8,28.2,55.54,16,96,0.0,0.0,10.03,13.5,3,0,0
2023-01-13,19.73,12.3,28.4,56.71,21,94,0.0,0.0,9.45,14.1,3,0,0
2023-01-14,19.97,13.4,29.0,55.33,14,99,0.0,0.0,9.61,13.9,3,0,0
2023-01-15,19.75,12.0,28.4,54.04,17,92,0.0,0.0,10.04,14.2,0,0,0
2023-01-16,20.13,12.5,29.0,59.25,19,99,0.0,0.0,8.78,17.0,0,0,0
2023-01-17,20.03,14.1,28.6,61.46,19,99,0.0,0.0,10.9,16.0,0,0,0
2023-01-18,19.28,13.5,27.5,66.12,25,99,0.0,0.0,11.45,14.8,3,0,0
2023-01-19,19.4,13.7,27.1,61.96,21,99,0.0,0.0,12.17,14.2,0,0,0
2023-01-20,19.46,13.5,26.5,71.38,41,97,0.0,0.0,12.32,16.7,3,0,0
2023-01-21,20.98,16.6,26.6,67.33,40,99,0.0,0.0,12.06,16.6,3,0,0
2023-01-22,20.23,14.7,26.7,62.96,28,97,0.0,0.0,14.22,17.9,3,0,0
2023-01-23,20.44,14.9,27.4,71.92,42,97,0.0,0.0,13.9,16.6,3,0,0
2023-01-24,21.9,17.9,27.9,68.88,41,98,0.0,0.0,13.98,17.6,3,0,0
2023-01-25,20.74,16.1,27.8,64.0,24,97,0.0,0.0,13.79,16.7,0,0,0
2023-01-26,20.47,15.0,27.8,64.58,28,96,0.0,0.0,12.07,16.5,3,0,0
2023-01-27,20.68,15.3,28.3,64.08,25,100,0.0,0.0,11.98,14.4,0,0,0
2023-01-28,20.12,13.9,27.9,56.92,20,96,0.0,0.0,11.89,16.6,0,0,0
2023-01-29,20.51,13.5,27.7,59.83,28,89,0.0,0.0,14.53,22.8,3,0,0
2023-01-30,21.42,17.0,27.2,75.62,47,99,2.3,2.3,11.25,15.0,3,7,7
2023-01-31,22.14,17.5,29.1,64.21,32,98,0.0,0.0,12.94,19.7,3,0,0
2023-02-01,21.68,15.7,28.4,57.0,32,78,0.0,0.0,15.22,20.5,3,0,0
2023-02-02,22.18,17.3,29.0,52.0,31,71,0.0,0.0,18.26,26.0,3,0,0
2023-02-03,21.57,16.4,26.6,60.42,47,77,0.0,0.0,15.22,23.2,3,0,0
2023-02-04,22.54,17.0,29.2,56.33,31,87,0.0,0.0,14.4,20.6,0,0,0
2023-02-05,22.69,16.5,30.1,51.38,23,90,0.0,0.0,13.3,16.4,0,0,0
2023-02-06,22.18,15.9,29.4,50.46,26,86,0.0,0.0,10.77,15.5,3,0,0
2023-02-07,22.56,16.0,29.7,58.17,30,95,0.0,0.0,6.8,10.5,3,0,0
2023-02-08,23.44,17.0,30.9,53.96,26,94,0.0,0.0,12.43,15.9,3,0,0
2023-02-09,23.08,16.9,30.3,53.54,26,91,0.0,0.0,12.93,15.9,3,0,0
2023-02-10,22.68,16.3,30.2,49.29,21,87,0.0,0.0,12.46,18.2,3,0,0
2023-02-11,22.39,14.8,30.3,44.79,18,80,0.0,0.0,10.95,15.6,3,0,0
2023-02-12,22.99,16.1,31.0,44.12,19,79,0.0,0.0,11.55,17.7,3,0,0
2023-02-13,23.02,16.4,30.5,41.38,22,64,0.0,0.0,13.85,21.1,0,0,0
2023-02-14,22.51,15.6,30.5,41.0,18,72,0.0,0.0,10.99,14.0,0,0,0
2023-02-15,22.52,14.7,30.6,42.38,15,79,0.0,0.0,11.68,16.9,0,0,0
2023-02-16,22.79,15.7,30.5,42.67,18,77,0.0,0.0,14.12,19.5,0,0,0
2023-02-17,22.63,15.5,30.4,45.88,17,91,0.0,0.0,12.37,18.1,0,0,0
2023-02-18,22.6,14.8,30.2,46.38,20,91,0.0,0.0,9.98,13.9,0,0,0
2023-02-19,22.55,15.4,29.9,53.62,25,93,0.0,0.0,9.7,13.8,0,0,0
2023-02-20,22.9,16.4,30.0,53.25,22,97,0.0,0.0,9.13,14.5,0,0,0
2023-02-21,23.43,16.9,31.1,42.12,21,70,0.0,0.0,11.61,16.6,0,0,0
2023-02-22,23.55,16.7,31.1,42.21,20,72,0.0,0.0,12.8,15.7,0,0,0
2023-02-23,22.65,15.1,31.0,39.58,13,77,0.0,0.0,14.1,20.3,0,0,0
2023-02-24,22.48,14.2,31.4,41.38,10,94,0.0,0.0,11.82,16.9,0,0,0
2023-02-25,23.52,15.4,31.7,38.17,14,83,0.0,0.0,14.58,21.1,0,0,0
2023-02-26,23.1,16.4,30.5,33.29,16,55,0.0,0.0,16.05,21.3,0,0,0
2023-02-27,21.74,13.9,29.9,39.88,13,88,0.0,0.0,12.54,21.0,0,0,0
2023-02-28,22.16,14.2,30.7,48.33,29,73,0.0,0.0,15.1,22.0,0,0,0
2023-03-01,23.51,18.2,30.0,55.0,31,85,0.0,0.0,16.02,20.4,0,0,0
2023-03-02,22.59,15.2,30.1,41.75,14,85,0.0,0.0,16.43,24.2,0,0,0
2023-03-03,22.83,15.0,31.0,30.33,15,53,0.0,0.0,16.62,26.8,0,0,0
2023-03-04,23.49,16.2,31.0,27.17,12,41,0.0,0.0,16.85,25.9,0,0,0
2023-03-05,23.97,17.2,31.3,30.96,12,55,0.0,0.0,15.42,21.1,0,0,0
2023-03-06,23.87,16.8,31.2,31.75,12,56,0.0,0.0,15.96,23.1,0,0,0
2023-03-07,23.52,16.1,31.0,33.75,12,61,0.0,0.0,14.87,23.4,3,0,0
2023-03-08,23.64,16.2,30.8,43.29,15,91,0.0,0.0,15.73,22.1,0,0,0
2023-03-09,23.3,16.0,30.5,39.25,14,64,0.0,0.0,14.16,20.2,3,0,0
2023-03-10,23.16,16.5,30.4,44.21,19,74,0.0,0.0,13.56,19.8,0,0,0
2023-03-11,23.65,15.7,31.4,41.33,15,74,0.0,0.0,14.65,22.1,0,0,0
2023-03-12,23.42,15.3,31.2,53.46,26,98,0.0,0.0,14.05,19.2,0,0,0
2023-03-13,24.72,17.5,31.8,49.71,23,92,0.0,0.0,13.45,16.6,0,0,0
2023-03-14,25.55,18.0,32.7,42.17,20,76,0.0,0.0,12.05,18.5,0,0,0
2023-03-15,25.51,18.3,32.6,47.79,23,85,0.0,0.0,10.81,17.1,0,0,0
2023-03-16,24.4,20.0,30.7,66.75,37,95,1.2,1.2,8.58,12.6,1,5,5
2023-03-17,22.93,19.2,29.4,74.5,39,95,3.9,3.9,9.53,20.3,1,11,11
2023-03-18,23.17,18.9,30.0,72.54,41,96,12.4,12.4,13.02,16.7,51,10,10
2023-03-19,23.04,17.7,30.4,68.21,37,94,6.7,6.7,11.37,17.3,3,6,6
2023-03-20,23.71,17.0,31.4,53.17,22,93,0.0,0.0,8.45,21.6,3,0,0
2023-03-21,24.02,18.1,31.4,46.08,18,87,0.0,0.0,8.85,11.9,3,0,0
2023-03-22,24.9,18.1,31.7,53.88,27,93,0.0,0.0,5.99,10.8,0,0,0
2023-03-23,25.99,19.3,33.6,47.12,23,78,0.0,0.0,7.1,11.4,3,0,0
2023-03-24,26.22,19.9,33.0,55.67,24,96,0.0,0.0,8.45,14.1,3,0,0
2023-03-25,24.68,19.6,30.8,64.46,36,91,1.3,1.3,8.86,14.4,3,7,7
2023-03-26,25.8,20.7,31.0,58.12,33,83,0.4,0.4,7.58,10.7,3,3,3
2023-03-27,26.96,20.2,35.5,44.08,17,83,0.0,0.0,9.88,18.4,0,0,0
2023-03-28,27.12,20.4,34.7,46.54,15,82,0.0,0.0,7.39,12.9,0,0,0
2023-03-29,25.75,21.3,32.3,67.04,34,93,5.7,5.7,8.38,12.2,3,8,8
2023-03-30,25.7,20.9,32.2,57.38,32,79,0.6,0.6,7.58,18.7,3,4,4
2023-03-31,25.62,19.8,31.4,57.71,35,85,0.2,0.2,7.12,13.7,1,1,1
2023-04-01,25.12,21.5,29.7,59.12,35,79,1.5,1.5,9.12,15.0,1,4,4
2023-04-02,26.38,20.1,33.8,52.29,20,85,0.0,0.0,8.58,12.3,0,0,0
2023-04-03,26.15,19.7,32.9,56.17,27,93,0.0,0.0,9.12,15.6,0,0,0
2023-04-04,24.37,20.9,31.1,67.75,38,81,0.6,0.6,8.72,16.3,0,3,3
2023-04-05,25.98,19.1,32.5,53.0,30,88,0.0,0.0,6.72,14.0,3,0,0
2023-04-06,25.84,20.6,31.2,58.62,38,83,0.2,0.2,7.8,14.4,0,2,2
2023-04-07,25.9,20.3,32.1,54.21,27,91,0.0,0.0,11.62,16.8,0,0,0
2023-04-08,25.53,19.5,32.2,49.12,23,84,0.0,0.0,13.5,19.9,0,0,0
2023-04-09,25.26,18.3,32.4,49.75,24,89,0.0,0.0,10.5,13.6,0,0,0
2023-04-10,26.23,19.4,32.9,54.17,25,97,0.0,0.0,14.24,21.1,0,0,0
2023-04-11,26.32,18.8,33.6,44.79,16,95,0.0,0.0,11.1,14.6,0,0,0
2023-04-12,26.65,18.6,34.7,35.04,12,70,0.0,0.0,11.52,19.2,0,0,0
2023-04-13,27.16,18.9,35.1,32.67,15,61,0.0,0.0,12.01,20.5,0,0,0
2023-04-14,27.41,20.1,35.2,31.42,14,63,0.0,0.0,10.6,21.7,3,0,0
2023-04-15,27.01,19.7,34.0,33.5,19,55,0.0,0.0,10.78,18.8,3,0,0
2023-04-16,27.0,19.5,34.3,30.54,15,52,0.0,0.0,10.25,15.0,0,0,0
2023-04-17,27.23,19.5,34.6,34.33,17,62,0.0,0.0,11.17,17.1,0,0,0
2023-04-18,27.95,20.5,34.9,33.33,16,54,0.0,0.0,11.45,17.0,0,0,0
2023-04-19,28.11,21.0,35.5,37.54,16,71,0.0,0.0,10.25,15.8,0,0,0
2023-04-20,28.12,20.6,34.9,41.92,22,81,0.0,0.0,7.11,10.4,0,0,0
2023-04-21,27.66,21.4,33.9,49.83,29,78,0.0,0.0,5.72,8.8,0,0,0
2023-04-22,27.5,21.1,33.4,51.21,28,90,0.0,0.0,4.52,10.1,1,0,0
2023-04-23,27.19,21.4,33.3,54.58,28,88,0.0,0.0,7.78,13.4,1,0,0
2023-04-24,27.14,21.5,33.8,56.79,31,84,0.1,0.1,10.32,17.6,0,1,1
2023-04-25,26.32,22.1,32.1,65.04,37,94,2.1,2.1,9.31,15.8,3,6,6
2023-04-26,26.24,21.1,33.2,62.04,30,93,0.8,0.8,7.56,14.4,1,4,4
2023-04-27,26.98,21.1,33.7,58.67,29,94,0.1,0.1,11.47,16.4,3,1,1
2023-04-28,26.9,21.3,32.8,59.21,31,93,0.3,0.3,12.29,16.6,3,1,1
2023-04-29,24.95,20.9,31.8,70.21,42,90,4.5,4.5,9.67,18.2,3,9,9
2023-04-30,24.82,20.3,31.9,73.67,41,93,17.8,17.8,7.09,11.4,3,6,6
2023-05-01,23.3,19.4,29.5,77.79,49,98,3.8,3.8,7.3,13.7,3,13,13
2023-05-02,23.88,20.6,29.6,79.83,51,96,2.5,2.5,5.48,10.2,3,10,10
2023-05-03,22.9,19.8,27.0,82.0,61,98,5.2,5.2,9.64,14.6,3,7,7
2023-05-04,24.14,19.8,28.6,75.46,53,96,1.0,1.0,6.96,18.4,3,5,5
2023-05-05,23.54,20.0,27.7,77.08,53,97,0.7,0.7,7.67,11.4,3,3,3
2023-05-06,23.87,20.4,29.8,77.33,49,96,8.7,8.7,6.83,11.5,3,9,9
2023-05-07,23.15,20.1,26.1,83.96,67,98,4.1,4.1,9.3,14.8,3,12,12
2023-05-08,23.77,21.0,29.3,83.08,59,95,19.8,19.8,6.4,9.6,3,9,9
2023-05-09,24.7,19.1,31.0,77.96,51,99,9.6,9.6,6.93,13.1,3,5,5
2023-05-10,25.68,19.4,32.0,72.71,41,99,0.0,0.0,6.5,11.8,3,0,0
2023-05-11,25.35,20.4,32.6,73.67,41,95,6.7,6.7,7.7,12.0,3,3,3
2023-05-12,26.0,20.9,31.8,69.04,38,93,0.2,0.2,8.38,15.1,3,1,1
2023-05-13,25.35,21.5,30.9,76.71,54,99,2.1,2.1,13.78,18.1,3,2,2
2023-05-14,26.2,20.5,32.4,67.0,36,99,0.0,0.0,12.93,19.2,3,0,0
2023-05-15,26.22,21.2,33.0,64.88,31,99,0.0,0.0,10.98,16.7,3,0,0
2023-05-16,26.36,19.8,33.0,61.54,31,97,0.0,0.0,6.4,11.9,0,0,0
2023-05-17,27.44,21.9,32.6,51.17,33,73,0.0,0.0,6.67,11.0,0,0,0
2023-05-18,27.8,21.5,34.2,53.88,25,88,0.1,0.1,7.55,12.3,0,1,1
2023-05-19,27.71,21.7,34.2,55.25,28,87,0.0,0.0,8.67,19.3,0,0,0
2023-05-20,26.62,21.2,33.3,65.62,38,97,0.1,0.1,8.93,14.0,0,1,1
2023-05-21,24.75,21.8,31.6,77.08,50,94,7.3,7.3,6.92,13.1,0,7,7
2023-05-22,24.91,20.4,31.6,75.04,45,98,1.6,1.6,6.0,11.4,0,4,4
2023-05-23,25.62,19.8,32.4,69.83,39,98,1.0,1.0,6.56,11.3,3,2,2
2023-05-24,25.34,21.1,31.8,74.17,47,97,6.6,6.6,9.24,14.5,3,3,3
2023-05-25,25.27,20.9,31.3,73.67,46,98,1.4,1.4,11.25,18.2,3,3,3
2023-05-26,25.21,20.8,31.3,73.29,44,98,0.0,0.0,12.25,15.9,3,0,0
2023-05-27,25.5,20.5,31.4,72.33,45,98,0.5,0.5,9.37,12.9,0,3,3
2023-05-28,26.4,21.1,32.3,65.21,39,91,0.0,0.0,8.23,11.5,3,0,0
2023-05-29,26.65,21.4,32.6,63.29,36,91,1.8,1.8,6.73,13.6,3,5,5
2023-05-30,24.11,21.5,30.0,80.88,57,96,36.6,36.6,7.35,16.5,3,14,14
2023-05-31,24.51,21.2,30.6,79.38,50,96,20.3,20.3,6.34,9.9,3,7,7
2023-06-01,25.08,20.7,31.0,77.04,52,96,3.1,3.1,7.24,10.9,3,2,2
2023-06-02,25.16,20.8,30.3,75.33,52,96,0.0,0.0,10.07,18.3,3,0,0
2023-06-03,25.8,20.9,31.6,72.21,48,96,0.4,0.4,10.28,16.9,3,3,3
2023-06-04,25.07,21.2,30.0,75.79,54,98,0.0,0.0,11.87,18.4,3,0,0
2023-06-05,25.64,21.0,30.8,70.17,50,94,0.1,0.1,12.15,16.7,3,1,1
2023-06-06,26.15,21.3,31.3,68.29,46,93,0.3,0.3,13.24,19.1,3,1,1
2023-06-07,26.1,21.2,31.6,70.29,45,98,0.0,0.0,13.2,16.5,3,0,0
2023-06-08,26.0,20.6,31.6,67.88,43,94,0.0,0.0,14.3,17.3,3,0,0
2023-06-09,25.01,20.3,31.4,73.08,48,96,5.5,5.5,15.22,20.3,3,4,4
2023-06-10,24.64,20.1,30.8,73.92,50,95,0.7,0.7,16.95,25.9,3,3,3
2023-06-11,24.94,20.6,30.8,72.54,49,92,0.2,0.2,16.73,23.1,3,1,1
2023-06-12,24.6,20.3,30.5,76.71,54,98,13.0,13.0,14.69,19.0,3,4,4
2023-06-13,24.57,20.1,30.8,76.33,47,98,1.8,1.8,14.57,19.1,3,3,3
2023-06-14,24.74,20.0,30.7,73.12,48,97,1.1,1.1,14.98,21.0,3,3,3
2023-06-15,25.49,19.9,31.6,68.12,39,97,0.0,0.0,12.75,17.7,3,0,0
2023-06-16,26.04,20.8,32.0,65.21,33,95,0.0,0.0,13.59,19.5,3,0,0
2023-06-17,25.28,19.9,31.4,68.54,44,96,0.2,0.2,13.61,17.8,3,2,2
2023-06-18,24.81,21.2,30.8,72.75,46,93,1.0,1.0,15.41,22.2,3,3,3
2023-06-19,24.1,20.5,28.4,77.79,57,94,2.4,2.4,11.55,18.1,3,8,8
2023-06-20,22.87,21.4,26.3,88.79,70,96,18.5,18.5,10.57,14.8,3,10,10
2023-06-21,23.92,20.3,29.4,82.62,55,99,13.6,13.6,9.17,12.5,3,9,9
2023-06-22,23.67,20.8,29.1,81.29,55,98,3.7,3.7,9.93,17.9,3,5,5
2023-06-23,23.78,20.3,28.9,79.5,53,99,0.5,0.5,13.65,18.6,3,4,4
2023-06-24,23.42,20.3,28.1,79.71,60,95,3.6,3.6,17.22,23.4,3,8,8
2023-06-25,23.45,19.3,29.1,79.54,56,98,0.9,0.9,14.63,19.8,3,6,6
2023-06-26,23.64,20.2,28.7,76.25,53,95,0.2,0.2,16.24,22.0,3,1,1
2023-06-27,23.2,19.4,28.8,80.17,54,97,2.3,2.3,14.59,23.7,3,5,5
2023-06-28,23.72,19.8,28.9,77.29,56,98,2.4,2.4,17.24,23.7,3,6,6
2023-06-29,23.46,19.5,28.7,78.42,55,98,9.1,9.1,17.25,27.0,3,5,5
2023-06-30,24.23,20.1,29.8,73.79,50,96,1.7,1.7,17.53,24.6,3,3,3
2023-07-01,24.54,19.8,29.3,73.33,53,97,0.7,0.7,14.28,19.4,3,3,3
2023-07-02,23.85,20.5,28.9,78.5,55,94,4.7,4.7,15.64,22.0,3,6,6
2023-07-03,23.2,20.3,28.9,81.71,55,96,8.3,8.3,17.97,23.6,51,14,14
2023-07-04,22.11,20.0,26.4,88.25,65,97,14.9,14.9,20.33,26.8,3,12,12
2023-07-05,21.83,20.1,26.5,88.71,66,97,12.3,12.3,21.51,31.5,51,17,17
2023-07-06,21.36,19.6,25.2,90.17,72,98,15.3,15.3,20.05,26.9,51,19,19
2023-07-07,22.38,19.4,26.7,85.04,65,98,4.9,4.9,19.97,28.0,3,13,13
2023-07-08,22.38,19.9,26.9,84.21,68,98,1.8,1.8,18.73,24.7,3,5,5
2023-07-09,22.9,20.1,27.9,83.25,61,94,4.6,4.6,14.48,20.5,3,6,6
2023-07-10,22.61,19.6,26.4,85.46,67,98,4.3,4.3,12.18,18.7,3,10,10
2023-07-11,22.43,20.0,26.0,86.04,70,97,0.7,0.7,13.01,18.4,3,6,6
2023-07-12,22.98,19.4,28.0,83.67,60,99,1.7,1.7,11.95,17.6,3,4,4
2023-07-13,21.93,19.6,25.4,88.88,73,99,6.2,6.2,15.24,21.1,3,12,12
2023-07-14,22.7,19.8,27.5,83.38,61,98,2.4,2.4,16.6,22.7,51,11,11
2023-07-15,23.26,19.3,28.1,81.0,60,98,0.6,0.6,15.24,23.6,3,5,5
2023-07-16,23.34,19.6,27.7,80.71,64,98,1.3,1.3,14.43,18.6,3,8,8
2023-07-17,23.23,19.5,27.5,78.92,57,97,2.5,2.5,17.55,23.2,3,5,5
2023-07-18,23.61,20.4,27.9,74.71,53,92,0.8,0.8,24.0,31.0,3,8,8
2023-07-19,22.86,20.4,26.6,76.04,59,89,1.1,1.1,26.07,32.4,3,11,11
2023-07-20,23.09,20.4,27.2,74.75,58,87,1.6,1.6,26.95,39.3,3,7,7
2023-07-21,23.08,20.1,27.6,76.75,56,87,2.3,2.3,25.9,34.6,3,8,8
2023-07-22,22.4,20.6,25.6,82.54,66,94,8.4,8.4,23.93,31.4,51,16,16
2023-07-23,22.16,20.3,26.0,86.75,67,95,9.7,9.7,21.28,31.4,51,18,18
2023-07-24,21.62,19.8,25.7,87.83,66,96,12.7,12.7,21.51,30.0,51,22,22
2023-07-25,21.18,19.8,23.4,91.62,79,97,13.5,13.5,19.43,25.8,51,24,24
2023-07-26,20.86,19.3,23.2,92.25,82,96,19.3,19.3,19.14,25.6,53,23,23
2023-07-27,22.28,19.6,27.1,81.42,62,95,2.3,2.3,20.8,28.2,3,11,11
2023-07-28,22.82,19.0,28.2,77.42,57,91,1.5,1.5,20.25,29.3,51,10,10
2023-07-29,22.96,19.5,27.8,77.58,57,95,1.0,1.0,19.83,28.2,51,9,9
2023-07-30,23.04,18.6,28.0,77.38,58,97,0.7,0.7,18.08,26.8,3,6,6
2023-07-31,23.46,19.4,28.7,79.08,58,97,1.3,1.3,17.95,23.5,3,7,7
2023-08-01,23.5,19.7,28.2,75.96,55,96,0.4,0.4,21.35,27.2,3,4,4
2023-08-02,23.3,19.5,28.0,73.04,50,92,0.0,0.0,22.21,29.5,3,0,0
2023-08-03,23.49,19.6,28.0,74.38,55,95,1.0,1.0,22.12,28.8,3,6,6
2023-08-04,23.24,19.1,28.6,77.67,55,96,1.1,1.1,18.51,26.7,3,7,7
2023-08-05,23.65,19.4,28.7,77.0,56,97,1.2,1.2,16.29,23.5,3,8,8
2023-08-06,24.07,19.4,28.8,76.38,56,98,0.3,0.3,13.49,17.1,3,3,3
2023-08-07,23.83,19.5,29.0,75.92,54,98,0.9,0.9,13.45,18.5,3,6,6
2023-08-08,23.4,19.2,28.9,77.29,54,98,0.6,0.6,12.47,17.5,3,5,5
2023-08-09,23.85,19.2,29.1,77.12,55,98,1.1,1.1,9.56,15.0,3,6,6
2023-08-10,24.02,19.9,28.7,76.92,53,97,0.5,0.5,8.8,13.7,3,3,3
2023-08-11,24.35,20.3,28.4,74.38,53,97,0.6,0.6,9.5,15.0,3,5,5
2023-08-12,24.64,20.1,29.7,70.46,49,93,0.3,0.3,11.84,18.2,3,3,3
2023-08-13,24.35,19.6,29.3,70.17,47,95,0.1,0.1,11.76,15.8,3,1,1
2023-08-14,24.5,20.6,29.2,70.21,47,97,0.4,0.4,10.04,15.0,3,4,4
2023-08-15,24.15,19.0,29.4,66.58,40,97,0.5,0.5,10.51,14.5,3,5,5
2023-08-16,24.78,19.1,30.8,65.79,39,96,0.0,0.0,10.95,15.5,0,0,0
2023-08-17,24.73,20.1,30.7,68.79,43,95,0.6,0.6,14.01,20.6,3,3,3
2023-08-18,24.37,19.8,30.1,67.75,44,93,1.1,1.1,17.78,23.0,3,5,5
2023-08-19,23.0,19.9,28.9,78.96,53,93,7.3,7.3,17.61,25.2,3,10,10
2023-08-20,24.28,19.4,30.0,71.17,47,95,0.8,0.8,14.43,19.3,3,7,7
2023-08-21,24.7,19.4,30.5,68.5,43,98,0.0,0.0,10.17,15.8,1,0,0
2023-08-22,24.93,20.3,30.7,70.67,49,93,0.8,0.8,7.98,12.1,2,4,4
2023-08-23,25.16,20.5,30.6,66.96,43,94,0.0,0.0,9.1,11.7,3,0,0
2023-08-24,24.85,20.0,30.5,63.5,37,93,0.0,0.0,10.2,13.4,3,0,0
2023-08-25,24.95,19.7,31.0,64.42,39,93,0.0,0.0,10.42,13.9,3,0,0
2023-08-26,24.5,19.9,31.0,74.75,44,96,3.8,3.8,10.7,16.2,3,5,5
2023-08-27,25.05,20.5,30.6,70.62,45,98,0.1,0.1,9.18,11.9,3,1,1
2023-08-28,25.63,20.5,31.4,62.17,37,95,0.0,0.0,10.38,15.2,3,0,0
2023-08-29,25.38,20.8,31.0,66.25,40,90,0.7,0.7,11.81,16.1,3,2,2
2023-08-30,24.88,19.9,31.4,70.0,42,99,12.5,12.5,10.23,15.5,3,6,6
2023-08-31,23.88,19.9,28.8,79.92,55,99,8.8,8.8,6.68,10.4,3,11,11
2023-09-01,24.32,20.0,30.2,78.67,50,98,9.2,9.2,9.05,13.7,3,10,10
2023-09-02,23.47,20.2,29.2,83.54,58,99,11.8,11.8,10.22,19.6,3,13,13
2023-09-03,23.68,20.0,28.3,73.42,49,97,0.0,0.0,12.1,15.8,3,0,0
2023-09-04,22.8,20.3,26.9,76.42,59,89,1.2,1.2,18.47,26.6,3,6,6
2023-09-05,22.15,19.5,25.8,78.04,62,94,1.5,1.5,14.68,20.2,3,2,2
2023-09-06,23.22,20.4,28.2,81.0,56,96,1.3,1.3,14.97,19.9,3,8,8
2023-09-07,23.35,20.4,28.7,81.0,59,97,4.7,4.7,15.37,19.5,3,6,6
2023-09-08,23.4,20.2,28.1,79.83,56,97,2.1,2.1,17.72,23.9,3,9,9
2023-09-09,23.65,19.7,29.0,78.83,56,98,1.1,1.1,15.74,21.7,3,5,5
2023-09-10,23.74,19.5,28.6,75.12,52,98,2.0,2.0,15.22,23.4,3,4,4
2023-09-11,23.42,19.6,27.6,78.0,59,97,1.6,1.6,15.21,20.4,3,10,10
2023-09-12,23.62,20.0,28.8,75.79,54,94,2.5,2.5,16.0,22.5,3,9,9
2023-09-13,23.06,19.2,28.9,80.12,56,98,4.1,4.1,13.78,21.7,3,7,7
2023-09-14,22.97,19.1,28.8,80.71,55,98,0.6,0.6,14.79,19.9,3,4,4
2023-09-15,23.1,19.7,28.8,82.04,57,98,3.5,3.5,17.21,22.3,3,11,11
2023-09-16,23.52,20.0,28.6,79.21,60,98,5.8,5.8,17.03,25.4,3,4,4
2023-09-17,22.49,19.9,26.8,85.33,67,97,7.5,7.5,13.81,18.8,3,12,12
2023-09-18,22.79,19.5,28.8,83.83,57,99,4.8,4.8,13.13,25.8,3,8,8
2023-09-19,23.48,19.7,28.7,77.79,52,99,1.0,1.0,12.3,17.3,3,8,8
2023-09-20,23.32,19.1,28.7,80.46,57,99,0.3,0.3,10.73,17.8,3,2,2
2023-09-21,23.25,19.6,27.0,83.29,65,99,0.2,0.2,6.92,11.7,3,1,1
2023-09-22,23.2,19.6,28.6,83.83,60,98,6.2,6.2,6.05,16.3,3,8,8
2023-09-23,23.61,19.9,29.0,81.79,57,100,6.5,6.5,8.3,12.8,3,11,11
2023-09-24,23.03,19.9,27.1,82.88,63,98,7.5,7.5,11.7,18.4,51,15,15
2023-09-25,22.87,19.5,26.9,83.67,66,98,1.1,1.1,11.19,19.6,3,7,7
2023-09-26,23.31,19.5,28.4,80.96,58,99,1.8,1.8,10.58,14.9,3,5,5
2023-09-27,23.06,19.7,27.9,81.67,59,97,11.5,11.5,13.23,18.4,3,10,10
2023-09-28,21.93,19.0,27.1,87.96,68,98,9.4,9.4,13.66,19.7,3,11,11
2023-09-29,22.45,19.8,27.5,84.54,65,99,5.7,5.7,18.65,24.0,3,9,9
2023-09-30,23.01,19.5,28.2,82.54,62,97,2.7,2.7,18.97,25.7,3,8,8
2023-10-01,23.06,20.3,27.5,80.96,61,96,1.1,1.1,20.21,26.6,3,8,8
2023-10-02,23.56,19.8,28.1,76.42,55,98,0.3,0.3,16.04,23.1,3,3,3
2023-10-03,23.2,19.1,28.2,76.79,53,99,0.1,0.1,9.83,13.6,3,1,1
2023-10-04,23.48,19.0,28.2,75.83,52,98,0.4,0.4,7.98,10.3,3,4,4
2023-10-05,23.6,19.7,27.5,76.54,58,95,2.2,2.2,6.71,13.0,51,11,11
2023-10-06,24.56,20.2,29.5,70.79,46,91,1.5,1.5,5.77,9.7,3,8,8
2023-10-07,24.25,20.0,29.3,75.96,52,95,0.8,0.8,6.66,11.2,3,4,4
2023-10-08,23.89,20.2,29.7,79.83,51,100,14.4,14.4,5.34,12.0,3,10,10
2023-10-09,22.85,19.2,27.8,86.62,65,98,19.3,19.3,5.12,12.2,3,11,11
2023-10-10,23.35,19.5,28.7,82.92,58,100,1.9,1.9,5.4,9.2,3,4,4
2023-10-11,24.06,19.8,29.2,76.33,50,98,1.0,1.0,5.33,10.0,3,8,8
2023-10-12,24.1,19.9,30.0,68.67,39,99,0.3,0.3,9.05,13.7,3,1,1
2023-10-13,23.4,18.5,29.4,59.5,29,92,0.0,0.0,10.27,14.5,3,0,0
2023-10-14,23.74,18.4,29.2,68.83,37,96,0.0,0.0,8.94,12.6,3,0,0
2023-10-15,24.24,19.2,30.7,68.17,35,99,0.0,0.0,7.9,14.4,3,0,0
2023-10-16,24.33,20.8,30.0,72.67,44,95,0.4,0.4,11.86,19.1,3,2,2
2023-10-17,24.54,20.5,30.0,69.71,41,96,0.3,0.3,9.71,15.5,3,3,3
2023-10-18,24.3,19.1,30.4,58.71,38,78,0.0,0.0,13.02,16.7,3,0,0
2023-10-19,24.11,17.6,30.8,59.0,32,89,0.0,0.0,10.72,16.9,3,0,0
2023-10-20,24.68,18.9,31.1,60.42,30,95,0.0,0.0,12.76,17.4,3,0,0
2023-10-21,25.02,19.8,31.4,61.71,30,94,0.0,0.0,12.97,20.0,0,0,0
2023-10-22,24.93,19.1,31.6,57.71,28,98,0.0,0.0,9.57,13.8,3,0,0
2023-10-23,23.92,18.3,30.4,44.04,23,82,0.0,0.0,10.6,13.7,3,0,0
2023-10-24,23.5,17.0,29.9,38.33,22,56,0.0,0.0,9.53,11.5,0,0,0
2023-10-25,23.49,17.1,30.0,47.71,29,86,0.0,0.0,9.06,14.5,0,0,0
2023-10-26,23.77,16.5,30.0,49.5,30,88,0.0,0.0,9.28,13.8,0,0,0
2023-10-27,24.4,18.6,30.7,58.75,31,91,0.0,0.0,11.54,15.4,3,0,0
2023-10-28,25.04,20.3,30.9,66.04,37,95,0.0,0.0,11.7,15.9,3,0,0
2023-10-29,23.48,20.2,29.5,77.46,46,96,6.1,6.1,13.69,17.0,3,5,5
2023-10-30,23.28,19.5,28.7,77.71,48,98,4.1,4.1,12.28,18.5,3,8,8
2023-10-31,22.9,19.5,28.8,78.25,48,98,1.4,1.4,12.39,16.9,3,5,5
2023-11-01,23.52,18.9,29.4,72.54,44,99,1.3,1.3,10.48,13.7,3,4,4
2023-11-02,23.22,18.4,29.6,77.71,50,97,0.6,0.6,11.97,17.8,3,4,4
2023-11-03,23.65,20.7,30.0,78.29,49,97,2.0,2.0,11.9,17.8,3,3,3
2023-11-04,22.63,19.6,28.0,83.62,56,98,4.8,4.8,11.24,19.0,3,8,8
2023-11-05,22.28,19.3,27.8,84.71,59,98,22.6,22.6,9.19,13.1,3,17,17
2023-11-06,22.47,19.0,27.8,85.08,60,99,26.6,26.6,4.92,9.4,3,14,14
2023-11-07,22.08,18.9,27.1,86.62,62,100,9.2,9.2,6.61,16.3,3,8,8
2023-11-08,22.47,20.1,27.4,85.46,62,98,13.2,13.2,8.88,13.6,3,10,10
2023-11-09,22.22,19.6,27.2,84.29,62,98,6.4,6.4,11.07,17.3,3,4,4
2023-11-10,22.82,19.6,27.3,79.0,58,98,0.9,0.9,14.14,18.4,3,6,6
2023-11-11,21.98,16.9,28.1,66.75,34,95,0.0,0.0,13.57,18.5,3,0,0
2023-11-12,21.32,15.9,27.6,69.25,44,94,0.0,0.0,14.2,21.3,3,0,0
2023-11-13,21.49,16.0,27.2,68.92,41,96,0.0,0.0,14.04,21.4,3,0,0
2023-11-14,20.79,18.0,24.1,77.71,54,91,0.7,0.7,14.03,19.1,3,5,5
2023-11-15,22.02,18.2,27.4,76.33,49,95,1.0,1.0,12.18,15.6,3,3,3
2023-11-16,23.28,18.4,28.8,66.38,43,93,0.0,0.0,10.58,15.0,3,0,0
2023-11-17,23.46,19.0,29.7,72.17,40,100,0.0,0.0,11.83,15.7,3,0,0
2023-11-18,23.63,18.9,29.4,69.75,40,98,0.0,0.0,13.86,16.2,3,0,0
2023-11-19,22.73,17.3,29.2,66.62,38,95,0.0,0.0,14.13,19.4,3,0,0
2023-11-20,22.27,17.4,28.7,73.92,42,94,0.1,0.1,14.46,18.9,3,1,1
2023-11-21,22.75,19.0,28.4,80.46,53,97,3.5,3.5,13.52,19.7,3,7,7
2023-11-22,22.99,19.8,28.2,83.46,56,99,1.7,1.7,8.9,14.0,3,8,8
2023-11-23,22.14,19.6,27.1,85.54,63,98,5.4,5.4,12.68,16.7,3,5,5
2023-11-24,22.22,19.5,27.2,82.54,56,99,3.7,3.7,13.92,18.5,3,5,5
2023-11-25,22.5,19.5,27.5,80.42,54,99,1.5,1.5,16.7,22.0,3,6,6
2023-11-26,22.04,18.7,26.8,78.5,54,98,0.6,0.6,17.24,23.8,3,3,3
2023-11-27,22.37,19.4,26.5,79.92,57,98,1.9,1.9,14.87,19.3,3,6,6
2023-11-28,22.68,19.4,27.7,78.08,55,98,0.7,0.7,13.14,16.3,3,4,4
2023-11-29,22.52,19.7,28.2,78.04,50,96,0.5,0.5,13.81,19.8,3,5,5
2023-11-30,22.42,18.5,27.9,78.67,50,98,0.2,0.2,15.25,19.9,3,2,2
2023-12-01,22.19,19.3,28.0,80.92,50,97,2.9,2.9,12.68,17.1,3,7,7
2023-12-02,21.99,17.4,28.2,76.96,47,97,1.2,1.2,15.87,21.6,3,2,2
2023-12-03,22.05,19.6,26.5,82.12,62,95,2.8,2.8,19.42,25.6,3,7,7
2023-12-04,21.55,19.8,24.0,81.38,69,92,0.0,0.0,18.4,27.0,3,0,0
2023-12-05,22.8,18.5,28.5,72.58,46,94,0.0,0.0,12.71,18.4,3,0,0
2023-12-06,22.56,17.1,28.4,69.33,38,95,0.0,0.0,6.41,9.4,0,0,0
2023-12-07,23.29,18.4,28.9,74.46,46,99,0.1,0.1,8.73,13.9,3,1,1
2023-12-08,22.94,19.8,28.4,80.04,54,99,1.9,1.9,10.37,14.0,3,8,8
2023-12-09,22.78,20.0,27.1,79.17,57,97,1.9,1.9,11.21,14.4,3,7,7
2023-12-10,22.98,18.9,28.3,72.62,47,94,0.0,0.0,13.12,14.6,3,0,0
2023-12-11,22.64,18.2,27.8,73.29,47,96,0.2,0.2,11.63,14.9,3,2,2
2023-12-12,22.29,18.4,28.1,68.96,40,98,0.0,0.0,12.39,15.2,3,0,0
2023-12-13,20.8,16.3,26.6,70.83,40,99,0.0,0.0,13.34,16.0,3,0,0
2023-12-14,21.21,16.8,26.2,71.58,46,96,0.0,0.0,14.18,18.3,3,0,0
2023-12-15,21.68,16.4,28.4,75.88,45,97,0.0,0.0,12.34,16.3,3,0,0
2023-12-16,22.55,18.8,28.6,76.71,42,96,0.7,0.7,14.32,19.5,3,4,4
2023-12-17,21.53,18.3,26.5,79.83,54,97,0.2,0.2,16.72,21.5,3,2,2
2023-12-18,21.49,18.5,26.6,72.96,47,95,0.0,0.0,16.78,21.6,3,0,0
2023-12-19,21.29,17.8,27.0,71.12,44,93,0.0,0.0,14.67,17.9,0,0,0
2023-12-20,21.15,17.1,27.0,74.62,51,96,0.0,0.0,14.52,17.9,3,0,0
2023-12-21,21.8,16.9,28.5,75.38,43,100,0.0,0.0,12.35,14.8,1,0,0
2023-12-22,22.3,17.8,28.5,70.62,37,99,0.0,0.0,10.13,14.0,3,0,0
2023-12-23,20.95,16.2,28.3,66.96,31,99,0.0,0.0,10.77,13.8,3,0,0
2023-12-24,20.91,14.0,28.9,72.79,42,98,0.0,0.0,13.06,17.9,0,0,0
2023-12-25,22.0,17.5,28.5,71.83,42,98,0.0,0.0,14.86,20.5,0,0,0
2023-12-26,20.77,14.5,28.0,63.33,22,99,0.0,0.0,12.93,19.1,0,0,0
2023-12-27,20.59,14.9,28.2,65.75,27,99,0.0,0.0,14.63,19.9,0,0,0
2023-12-28,21.07,15.4,28.0,72.42,42,100,0.0,0.0,14.35,18.9,3,0,0
2023-12-29,21.41,16.6,27.9,72.21,40,100,0.0,0.0,14.02,20.2,3,0,0
2023-12-30,21.55,17.4,27.8,69.42,41,100,0.0,0.0,12.95,15.6,0,0,0
2023-12-31,21.19,16.8,27.9,70.5,39,100,0.0,0.0,13.58,16.4,3,0,0
2024-01-01,21.77,16.6,28.4,65.96,34,99,0.0,0.0,12.42,19.1,3,0,0
2024-01-02,21.93,18.2,27.6,66.12,39,92,0.0,0.0,14.07,18.8,3,0,0
2024-01-03,21.57,16.4,27.4,68.29,40,96,0.0,0.0,12.65,16.9,3,0,0
2024-01-04,21.38,18.2,25.5,73.75,54,96,2.7,2.7,13.81,17.7,3,5,5
2024-01-05,22.44,18.6,27.0,72.75,53,95,0.2,0.2,11.95,16.2,3,1,1
2024-01-06,22.81,19.3,28.7,73.08,44,95,1.2,1.2,14.29,17.3,1,7,7
2024-01-07,22.08,17.0,27.8,71.04,43,97,0.0,0.0,14.18,18.1,3,0,0
2024-01-08,20.35,18.4,23.5,88.29,73,96,2.4,2.4,17.8,21.2,3,12,12
2024-01-09,21.64,18.8,26.6,76.71,53,96,1.0,1.0,18.09,25.3,3,6,6
2024-01-10,20.92,17.2,25.0,71.25,52,93,0.0,0.0,15.67,19.1,3,0,0
2024-01-11,21.44,17.0,27.8,67.83,40,97,0.0,0.0,13.9,17.7,2,0,0
2024-01-12,20.85,15.6,27.3,67.46,38,93,0.0,0.0,16.75,23.4,3,0,0
2024-01-13,21.24,15.8,28.5,71.58,40,99,0.0,0.0,10.93,15.2,3,0,0
2024-01-14,21.75,16.9,28.4,69.5,39,100,0.0,0.0,11.8,16.5,0,0,0
2024-01-15,21.48,15.6,28.2,65.92,38,94,0.0,0.0,10.67,14.0,0,0,0
2024-01-16,21.52,15.7,28.3,64.75,31,99,0.0,0.0,9.11,15.5,3,0,0
2024-01-17,21.75,15.9,28.4,63.83,34,97,0.0,0.0,9.47,16.5,0,0,0
2024-01-18,22.23,16.6,28.9,63.04,33,98,0.0,0.0,9.88,14.4,0,0,0
2024-01-19,22.82,17.5,29.4,63.25,32,98,0.0,0.0,10.92,18.7,0,0,0
2024-01-20,22.48,16.6,29.2,63.96,33,97,0.0,0.0,13.2,18.1,0,0,0
2024-01-21,22.82,17.0,29.2,58.96,32,88,0.0,0.0,11.2,15.3,2,0,0
2024-01-22,23.03,17.0,29.2,63.08,36,98,0.0,0.0,10.58,18.3,0,0,0
2024-01-23,22.76,17.0,29.1,61.46,34,94,0.0,0.0,8.98,16.6,0,0,0
2024-01-24,22.98,17.3,29.7,66.42,32,99,0.0,0.0,9.92,15.4,0,0,0
2024-01-25,23.15,17.6,28.6,62.38,37,95,0.0,0.0,10.11,17.5,1,0,0
2024-01-26,22.0,16.9,28.3,59.88,27,99,0.0,0.0,14.45,19.1,0,0,0
2024-01-27,21.62,16.2,28.4,63.12,29,98,0.0,0.0,14.12,18.4,3,0,0
2024-01-28,21.61,16.0,28.4,66.04,36,99,0.0,0.0,13.41,15.7,3,0,0
2024-01-29,21.61,16.7,28.2,60.96,27,99,0.0,0.0,12.57,16.8,3,0,0
2024-01-30,21.74,15.1,29.2,57.83,29,93,0.0,0.0,8.08,15.1,3,0,0
2024-01-31,22.91,16.8,29.6,59.88,29,98,0.0,0.0,10.05,16.2,3,0,0
2024-02-01,23.41,18.4,30.0,59.83,30,98,0.0,0.0,7.83,14.9,3,0,0
2024-02-02,23.9,18.9,30.6,63.33,23,100,0.0,0.0,7.65,13.9,3,0,0
2024-02-03,24.36,19.4,30.4,63.29,35,99,0.0,0.0,13.16,19.5,3,0,0
2024-02-04,23.3,17.9,29.7,57.71,32,92,0.0,0.0,14.31,18.8,0,0,0
2024-02-05,23.15,16.7,30.6,54.42,25,89,0.0,0.0,13.16,15.4,0,0,0
2024-02-06,23.65,15.8,32.2,56.17,20,98,0.0,0.0,13.47,18.6,0,0,0
2024-02-07,24.39,16.8,32.6,47.75,16,94,0.0,0.0,14.0,18.6,0,0,0
2024-02-08,24.84,17.0,32.9,42.17,17,83,0.0,0.0,13.8,17.7,3,0,0
2024-02-09,24.55,17.1,32.3,50.5,20,94,0.0,0.0,13.3,17.5,0,0,0
2024-02-10,23.45,17.1,30.8,60.58,30,96,0.0,0.0,13.7,19.5,0,0,0
2024-02-11,23.19,17.4,30.5,60.88,26,98,0.0,0.0,14.89,18.6,0,0,0
2024-02-12,22.77,15.8,30.8,53.71,18,98,0.0,0.0,14.19,18.4,3,0,0
2024-02-13,23.2,16.4,30.7,60.0,25,98,0.0,0.0,13.38,17.3,3,0,0
2024-02-14,23.87,17.9,30.7,60.88,30,98,0.0,0.0,15.28,18.2,3,0,0
2024-02-15,23.56,17.0,30.8,47.42,20,85,0.0,0.0,15.86,18.4,3,0,0
2024-02-16,22.92,16.7,29.8,57.46,34,94,0.0,0.0,16.6,20.7,0,0,0
2024-02-17,24.05,17.1,31.3,45.42,20,76,0.0,0.0,14.45,19.3,0,0,0
2024-02-18,24.8,17.6,32.1,40.79,19,69,0.0,0.0,10.7,20.0,0,0,0
2024-02-19,24.31,17.3,31.0,50.25,24,95,0.0,0.0,12.66,19.0,3,0,0
2024-02-20,25.33,18.8,31.6,44.71,21,74,0.0,0.0,9.46,18.6,0,0,0
2024-02-21,25.71,19.7,32.1,54.12,27,86,0.0,0.0,9.12,13.1,0,0,0
2024-02-22,25.8,19.4,32.4,46.5,20,85,0.0,0.0,7.04,9.9,0,0,0
2024-02-23,25.58,18.5,32.7,40.58,21,83,0.0,0.0,7.89,12.6,0,0,0
2024-02-24,25.85,19.5,31.8,58.38,34,90,0.0,0.0,10.82,16.1,2,0,0
2024-02-25,25.55,20.2,32.1,57.75,30,96,0.0,0.0,14.38,21.4,0,0,0
2024-02-26,24.0,17.8,31.2,62.83,31,96,0.0,0.0,19.12,22.1,0,0,0
2024-02-27,24.19,18.0,31.1,62.71,33,97,0.0,0.0,15.83,19.3,3,0,0
2024-02-28,24.79,17.2,32.6,49.46,13,96,0.0,0.0,13.72,18.1,0,0,0
2024-02-29,24.48,16.4,32.2,39.62,16,75,0.0,0.0,15.44,19.9,3,0,0
2024-03-01,24.58,16.7,32.4,45.25,19,84,0.0,0.0,13.83,18.9,3,0,0
2024-03-02,25.09,17.6,32.5,40.38,17,77,0.0,0.0,12.48,18.9,3,0,0
2024-03-03,25.47,18.4,32.7,46.33,19,86,0.0,0.0,10.06,17.1,0,0,0
2024-03-04,26.64,18.9,34.4,45.46,18,84,0.0,0.0,8.73,17.4,0,0,0
2024-03-05,26.76,18.9,34.3,46.96,17,92,0.0,0.0,11.6,20.8,3,0,0
2024-03-06,27.14,20.0,34.5,43.46,15,77,0.0,0.0,9.21,20.0,3,0,0
2024-03-07,27.3,19.9,34.5,40.83,18,77,0.0,0.0,7.9,15.5,0,0,0
2024-03-08,26.95,20.8,33.6,47.46,25,76,0.0,0.0,7.92,14.8,0,0,0
2024-03-09,27.62,20.5,33.4,42.17,22,79,0.0,0.0,9.29,17.8,0,0,0
2024-03-10,27.57,22.3,33.3,49.71,27,79,0.0,0.0,12.14,22.5,3,0,0
2024-03-11,27.35,20.8,33.9,43.62,23,74,0.0,0.0,12.78,19.6,0,0,0
2024-03-12,27.3,20.3,34.2,45.83,21,89,0.0,0.0,11.19,16.8,0,0,0
2024-03-13,27.98,21.7,34.6,41.58,22,70,0.0,0.0,8.48,16.8,0,0,0
2024-03-14,27.91,21.7,34.1,45.75,28,85,0.0,0.0,7.85,15.8,0,0,0
2024-03-15,28.63,21.8,34.8,43.5,24,79,0.0,0.0,11.48,19.6,3,0,0
2024-03-16,28.37,22.6,35.5,45.33,19,79,0.0,0.0,12.15,17.8,0,0,0
2024-03-17,27.4,20.6,34.6,49.88,21,95,0.0,0.0,13.56,19.4,0,0,0
2024-03-18,27.26,20.0,34.8,43.21,19,83,0.0,0.0,10.1,15.6,0,0,0
2024-03-19,27.34,20.8,34.4,39.58,17,71,0.0,0.0,11.08,20.3,0,0,0
2024-03-20,27.34,20.2,35.2,44.17,21,71,0.0,0.0,10.52,18.8,0,0,0
2024-03-21,25.85,20.0,32.7,56.12,27,90,0.0,0.0,14.83,19.6,0,0,0
2024-03-22,26.78,20.0,34.1,50.5,22,93,0.0,0.0,11.06,18.8,0,0,0
2024-03-23,27.22,19.4,34.6,47.58,18,96,0.0,0.0,12.6,18.8,0,0,0
2024-03-24,27.52,19.7,35.0,36.08,13,68,0.0,0.0,12.9,17.2,0,0,0
2024-03-25,27.6,19.3,35.5,43.42,15,88,0.0,0.0,13.13,20.0,0,0,0
2024-03-26,27.55,19.9,35.5,41.0,15,77,0.0,0.0,12.78,19.9,0,0,0
2024-03-27,26.92,18.9,35.0,41.25,14,81,0.0,0.0,12.52,19.5,0,0,0
2024-03-28,27.7,19.8,35.3,47.42,19,95,0.0,0.0,11.7,16.3,0,0,0
2024-03-29,28.48,21.3,36.0,41.12,18,77,0.0,0.0,12.85,18.8,0,0,0
2024-03-30,28.23,20.7,35.7,36.88,12,65,0.0,0.0,11.04,20.2,0,0,0
2024-03-31,27.55,20.2,35.5,38.0,14,70,0.0,0.0,9.87,15.2,0,0,0
2024-04-01,28.11,20.4,36.1,48.17,16,92,0.0,0.0,7.26,13.5,0,0,0
2024-04-02,29.29,22.7,36.8,41.83,16,87,0.0,0.0,11.75,17.9,0,0,0
2024-04-03,29.01,21.7,36.7,40.12,15,79,0.0,0.0,12.61,18.1,0,0,0
2024-04-04,29.03,22.0,36.5,35.96,12,78,0.0,0.0,11.23,14.7,0,0,0
2024-04-05,29.43,22.3,37.5,32.88,12,68,0.0,0.0,11.78,20.0,3,0,0
2024-04-06,29.78,21.4,37.4,31.29,14,69,0.0,0.0,12.36,20.5,3,0,0
2024-04-07,29.6,22.4,37.1,31.0,12,55,0.0,0.0,12.16,17.9,3,0,0
2024-04-08,29.37,21.6,37.0,30.88,11,58,0.0,0.0,11.18,20.3,0,0,0
2024-04-09,28.38,21.5,35.4,38.46,19,63,0.0,0.0,15.02,18.2,0,0,0
2024-04-10,28.3,20.7,35.6,44.58,17,86,0.0,0.0,15.32,18.1,1,0,0
2024-04-11,28.5,20.6,35.7,48.29,18,92,0.0,0.0,13.61,22.3,0,0,0
2024-04-12,27.63,21.9,34.7,58.62,30,90,0.1,0.1,15.45,21.4,3,1,1
2024-04-13,27.86,21.4,35.0,54.0,20,92,0.0,0.0,15.47,27.1,3,0,0
2024-04-14,28.04,20.7,35.3,44.71,19,86,0.0,0.0,12.5,19.1,3,0,0
2024-04-15,28.4,20.7,36.0,40.17,17,70,0.0,0.0,15.14,20.6,3,0,0
2024-04-16,28.58,19.9,36.3,41.5,16,88,0.0,0.0,11.71,18.6,3,0,0
2024-04-17,29.71,22.7,37.6,37.38,20,63,0.0,0.0,10.72,16.0,3,0,0
2024-04-18,30.47,22.9,37.8,37.58,19,72,0.0,0.0,9.9,17.1,3,0,0
2024-04-19,31.0,24.1,38.1,39.67,19,77,0.0,0.0,10.57,16.3,3,0,0
2024-04-20,30.32,23.8,37.2,41.0,20,66,0.0,0.0,7.82,16.6,3,0,0
2024-04-21,30.3,22.9,37.1,41.42,19,73,0.0,0.0,11.56,16.8,1,0,0
2024-04-22,30.23,23.1,37.7,37.17,13,69,0.0,0.0,10.0,20.2,3,0,0
2024-04-23,29.88,22.2,37.3,30.79,12,70,0.0,0.0,11.61,18.9,0,0,0
2024-04-24,29.81,22.0,36.9,36.62,14,74,0.0,0.0,13.12,19.0,0,0,0
2024-04-25,30.36,22.6,37.5,32.54,15,54,0.0,0.0,12.15,25.3,0,0,0
2024-04-26,30.16,22.6,37.2,37.08,17,72,0.0,0.0,12.54,22.4,0,0,0
2024-04-27,29.91,21.4,37.7,33.5,12,73,0.0,0.0,11.32,18.9,0,0,0
2024-04-28,30.43,22.3,38.6,37.62,14,74,0.0,0.0,11.84,18.4,0,0,0
2024-04-29,30.47,24.0,38.0,38.42,15,69,0.0,0.0,11.04,16.9,3,0,0
2024-04-30,30.82,23.7,38.6,39.96,15,79,0.0,0.0,11.15,15.9,0,0,0
2024-05-01,31.54,23.2,39.5,43.29,18,88,0.0,0.0,7.93,14.3,3,0,0
2024-05-02,31.03,24.7,37.9,48.54,24,83,0.6,0.6,9.54,18.1,3,2,2
2024-05-03,29.68,24.7,37.5,54.75,29,85,0.2,0.2,10.45,19.4,3,2,2
2024-05-04,29.42,23.2,37.9,58.88,24,96,0.1,0.1,11.3,18.2,3,1,1
2024-05-05,30.09,23.2,37.7,48.83,23,89,0.0,0.0,11.95,17.4,0,0,0
2024-05-06,30.4,23.3,39.3,49.21,20,85,0.0,0.0,9.71,15.9,0,0,0
2024-05-07,29.18,23.6,35.9,54.71,32,84,0.1,0.1,9.28,13.6,0,1,1
2024-05-08,27.66,21.5,34.0,57.0,33,92,6.2,6.2,8.47,18.2,3,4,4
2024-05-09,27.3,22.6,32.8,59.5,37,77,4.5,4.5,6.63,16.3,3,5,5
2024-05-10,26.66,22.4,33.0,64.33,39,84,6.0,6.0,7.96,17.0,0,5,5
2024-05-11,27.48,21.7,34.0,59.21,32,90,0.0,0.0,8.03,16.7,3,0,0
2024-05-12,26.28,22.0,31.8,69.58,47,89,5.8,5.8,6.85,18.1,3,10,10
2024-05-13,26.1,20.8,32.7,69.25,42,95,4.9,4.9,7.62,15.5,3,8,8
2024-05-14,24.94,21.6,29.2,76.54,60,91,16.2,16.2,6.38,10.0,3,9,9
2024-05-15,26.19,21.2,32.2,68.96,44,92,1.0,1.0,10.29,18.7,3,2,2
2024-05-16,24.51,21.3,27.2,76.96,60,97,2.8,2.8,7.03,12.8,3,4,4
2024-05-17,24.17,20.9,29.3,82.92,57,96,15.0,15.0,6.64,14.3,3,11,11
2024-05-18,24.08,21.1,29.3,85.46,59,99,19.5,19.5,4.95,17.8,51,15,15
2024-05-19,24.35,21.5,29.3,83.62,58,97,9.1,9.1,3.79,6.5,51,17,17
2024-05-20,23.85,21.1,27.6,86.12,69,99,25.2,25.2,5.8,17.9,3,10,10
2024-05-21,24.28,21.4,29.8,84.88,60,98,10.5,10.5,8.1,17.7,3,12,12
2024-05-22,24.89,21.2,29.8,82.42,58,99,12.9,12.9,10.0,19.3,3,8,8
2024-05-23,25.81,20.5,31.5,78.25,53,100,0.7,0.7,6.35,15.7,3,2,2
2024-05-24,24.79,21.8,29.8,84.75,61,99,3.5,3.5,9.07,16.0,3,7,7
2024-05-25,25.12,22.0,29.7,74.62,45,96,0.5,0.5,16.22,21.9,3,2,2
2024-05-26,24.73,21.7,29.2,68.12,51,86,2.4,2.4,18.25,27.2,3,2,2
2024-05-27,25.5,20.7,30.6,70.38,52,92,0.0,0.0,17.81,23.8,3,0,0
2024-05-28,25.75,21.4,32.2,71.0,46,88,0.0,0.0,16.91,21.7,3,0,0
2024-05-29,26.28,20.5,32.1,69.0,46,97,0.2,0.2,15.15,22.3,3,2,2
2024-05-30,26.01,21.4,32.2,72.5,48,89,2.4,2.4,12.9,17.1,3,4,4
2024-05-31,26.55,21.6,32.2,70.71,45,93,1.2,1.2,12.18,17.7,3,4,4
2024-06-01,25.52,22.4,32.2,83.71,52,100,28.0,28.0,10.22,16.0,51,14,14
2024-06-02,25.49,22.5,30.9,80.46,57,98,10.3,10.3,6.72,11.8,3,14,14
2024-06-03,24.72,22.1,28.4,81.21,62,96,0.6,0.6,8.57,13.0,3,5,5
2024-06-04,24.58,21.3,29.4,82.21,60,98,7.1,7.1,7.86,13.4,3,7,7
2024-06-05,23.82,20.9,27.6,85.08,70,98,20.8,20.8,6.78,11.0,3,10,10
2024-06-06,23.67,21.5,28.1,87.58,62,99,8.4,8.4,7.88,20.7,51,17,17
2024-06-07,23.35,21.3,27.1,86.54,67,99,7.2,7.2,12.31,21.9,3,14,14
2024-06-08,23.8,20.7,28.8,80.38,61,98,1.9,1.9,16.79,22.7,3,7,7
2024-06-09,23.52,20.5,27.1,80.42,66,97,3.3,3.3,20.66,28.3,3,8,8
2024-06-10,23.72,20.6,27.6,79.42,61,93,2.2,2.2,19.57,28.4,3,7,7
2024-06-11,23.66,21.1,28.8,80.71,58,95,0.6,0.6,19.63,26.8,3,5,5
2024-06-12,23.01,20.7,27.7,83.96,63,98,6.9,6.9,17.65,24.2,3,12,12
2024-06-13,23.16,20.0,28.7,81.17,59,93,3.1,3.1,16.59,23.5,3,7,7
2024-06-14,23.89,20.3,28.6,75.04,54,97,0.0,0.0,15.45,21.1,3,0,0
2024-06-15,24.2,19.4,29.9,71.46,43,98,0.0,0.0,13.38,17.7,3,0,0
2024-06-16,23.94,19.6,29.3,76.58,57,96,1.0,1.0,13.99,20.6,3,5,5
2024-06-17,24.15,20.3,29.8,78.04,55,96,0.6,0.6,12.91,17.2,3,2,2
2024-06-18,23.8,20.3,29.2,81.21,57,98,4.4,4.4,13.14,22.2,3,5,5
2024-06-19,23.41,20.2,29.2,83.92,56,98,5.4,5.4,13.95,19.4,3,8,8
2024-06-20,23.5,20.4,28.3,79.12,56,98,0.6,0.6,17.35,22.4,3,4,4
2024-06-21,23.16,19.7,28.8,81.38,56,98,3.3,3.3,16.42,23.0,3,6,6
2024-06-22,23.69,20.1,28.0,78.04,58,97,1.9,1.9,15.7,20.7,3,8,8
2024-06-23,23.86,20.2,28.3,76.71,58,96,1.6,1.6,17.93,22.9,51,11,11
2024-06-24,23.71,20.5,29.8,76.88,52,93,4.1,4.1,19.72,24.8,3,10,10
2024-06-25,23.6,20.8,27.4,80.5,61,93,1.6,1.6,21.3,30.0,3,9,9
2024-06-26,23.32,20.8,28.0,80.62,62,96,2.2,2.2,23.53,31.7,3,8,8
2024-06-27,22.54,21.0,25.7,85.04,69,95,6.1,6.1,21.55,32.9,51,15,15
2024-06-28,23.9,20.1,29.1,75.92,52,96,0.8,0.8,18.35,25.8,3,6,6
2024-06-29,23.87,19.8,29.8,78.33,55,99,1.0,1.0,16.03,21.4,3,7,7
2024-06-30,23.48,20.2,28.4,83.0,61,99,1.4,1.4,14.25,19.8,3,6,6
2024-07-01,22.99,20.5,27.6,85.33,61,98,9.0,9.0,17.12,22.3,3,14,14
2024-07-02,24.03,20.1,29.4,75.46,49,97,0.1,0.1,19.58,26.7,3,1,1
2024-07-03,23.26,20.0,29.3,82.54,56,100,10.4,10.4,16.2,22.2,3,13,13
2024-07-04,22.45,20.0,26.8,84.46,65,98,3.8,3.8,13.73,19.7,3,7,7
2024-07-05,23.23,20.2,29.8,81.25,53,96,6.9,6.9,15.9,20.7,3,13,13
2024-07-06,22.67,20.0,26.6,81.17,59,98,5.9,5.9,20.1,27.3,3,8,8
2024-07-07,23.39,20.1,28.7,77.5,52,95,1.0,1.0,17.45,26.9,3,3,3
2024-07-08,23.21,20.4,27.9,78.33,53,95,5.6,5.6,17.11,22.2,3,8,8
2024-07-09,23.34,19.7,28.7,76.58,52,97,2.9,2.9,17.83,23.8,3,7,7
2024-07-10,23.37,19.4,29.3,77.88,50,95,1.5,1.5,13.68,20.6,3,8,8
2024-07-11,23.2,20.2,26.9,80.46,60,98,3.7,3.7,14.13,19.1,3,7,7
2024-07-12,22.89,19.7,29.2,85.21,58,98,17.4,17.4,14.92,23.0,3,11,11
2024-07-13,22.7,20.5,25.8,82.88,65,96,1.2,1.2,19.57,27.2,3,10,10
2024-07-14,22.51,20.6,26.5,81.79,60,94,1.5,1.5,21.85,27.8,3,8,8
2024-07-15,21.72,20.3,26.4,90.0,69,95,16.8,16.8,22.32,27.2,3,17,17
2024-07-16,21.84,20.3,24.4,88.88,76,95,16.2,16.2,21.97,29.7,51,24,24
2024-07-17,22.11,20.0,25.8,87.04,69,97,5.2,5.2,21.33,30.4,51,17,17
2024-07-18,22.13,20.5,26.0,87.04,69,96,9.3,9.3,23.78,33.3,51,18,18
2024-07-19,21.13,20.2,22.3,92.71,90,95,14.5,14.5,23.87,27.5,53,24,24
2024-07-20,22.04,19.8,25.2,84.04,71,94,2.8,2.8,24.9,32.1,3,10,10
2024-07-21,22.88,20.5,27.2,80.04,62,93,1.1,1.1,25.55,33.0,3,8,8
2024-07-22,23.09,20.5,27.7,76.38,58,88,1.4,1.4,24.43,32.8,3,7,7
2024-07-23,23.31,20.9,27.2,78.29,61,89,2.2,2.2,23.9,29.9,3,9,9
2024-07-24,23.22,20.6,27.2,76.83,59,90,1.5,1.5,22.8,30.5,3,9,9
2024-07-25,22.9,20.6,26.9,80.58,61,93,2.3,2.3,24.48,36.1,3,11,11
2024-07-26,23.11,21.0,26.8,79.54,62,91,2.2,2.2,24.95,35.1,3,12,12
2024-07-27,23.25,20.8,27.4,73.58,57,88,0.6,0.6,25.36,34.7,3,5,5
2024-07-28,22.87,20.3,27.3,74.75,59,85,0.2,0.2,25.38,34.2,3,2,2
2024-07-29,23.35,20.6,28.4,79.92,59,93,3.7,3.7,22.17,30.1,3,13,13
2024-07-30,21.23,20.3,22.8,93.67,85,98,11.7,11.7,18.78,24.7,51,23,23
2024-07-31,22.05,20.1,26.3,88.42,69,98,10.6,10.6,16.88,21.8,3,14,14
2024-08-01,22.44,20.3,27.9,85.58,63,98,3.4,3.4,17.15,26.3,3,12,12
2024-08-02,22.66,20.3,26.8,85.0,65,98,4.3,4.3,18.6,25.9,51,17,17
2024-08-03,22.27,19.5,27.4,84.58,65,97,7.6,7.6,17.36,25.6,3,14,14
2024-08-04,23.23,19.8,28.2,80.83,59,98,2.0,2.0,14.72,21.7,3,5,5
2024-08-05,22.75,19.1,27.7,84.38,62,99,1.2,1.2,10.67,15.6,3,2,2
2024-08-06,22.28,20.1,25.4,88.42,72,99,8.6,8.6,10.41,15.3,51,18,18
2024-08-07,21.96,20.3,25.0,88.46,71,99,5.2,5.2,11.05,17.2,51,16,16
2024-08-08,22.39,19.5,27.1,84.83,64,99,16.1,16.1,12.2,17.4,3,14,14
2024-08-09,23.11,19.7,28.0,82.71,59,98,12.4,12.4,11.21,18.2,3,14,14
