feature,importance
traffic_volume_roll_mean_7,0.43226485658390634
Area Name,0.1565393691557238
Road/Intersection Name,0.028763817678360875
average_speed_lag_1,0.023919897717994878
Environmental Impact,0.01951674499325018
Traffic Signal Compliance,0.017862668814332697
average_speed_roll_mean_7,0.015699852302969112
average_speed_lag_7,0.015502036053253104
average_speed_roll_mean_3,0.01528312807237655
Public Transport Usage,0.014842607568351086
congestion_roll_mean_7,0.014749943027558624
Parking Usage,0.014352011366696215
congestion_roll_mean_3,0.014088214403399489
traffic_volume_roll_mean_3,0.01279130731020925
traffic_volume_lag_3,0.01206984945953114
Pedestrian and Cyclist Count,0.011971464181295686
traffic_volume_lag_7,0.011269378612233299
temperature_min,0.011049528604763567
wind_speed_mean,0.01021108471252348
temperature_mean,0.009811912763866233
traffic_volume_lag_1,0.00953220227086653
tti_lag_1,0.009524732471644159
day,0.009008616158614745
humidity_mean,0.008747140534481189
day_of_year,0.008112476852853696
congestion_lag_3,0.008068739435359289
congestion_lag_7,0.007447090126619248
wind_speed_max,0.007314721987697051
congestion_lag_1,0.006788241839829423
tti_lag_7,0.0065171915513287
temperature_max,0.006395356818902218
humidity_min,0.005677486359996728
humidity_max,0.005122526560716141
Incident Reports,0.004181206353561183
rain_sum,0.003239342759180404
day_of_week_sin,0.0030784734082487477
week_of_year,0.0030325840870921417
precipitation_sum,0.0027623623659285097
Weather Conditions,0.0027117990048271946
capacity_lag_7,0.0024667357124347044
day_of_week_cos,0.002375508131382389
day_of_week,0.00214478812691853
capacity_lag_1,0.0020788268681623365
month_sin,0.0019811097254587916
year,0.0017331880021051928
weather_code_mode,0.0017202592863445156
month_cos,0.0016151453244947344
rain_hours,0.001456561243907845
precipitation_hours,0.0012126151710148345
month,0.0007163629735112059
Roadwork and Construction Activity,0.00045706275499487076
is_weekend,0.00021987234892721402
