Target,Model,MAE,RMSE,R2,MAPE,Split
congestion,prev_day_baseline,20.446623745472213,29.14607509525077,-0.6092214896772279,35.38696624791144,test
congestion,7day_baseline,16.283893143944134,21.37580192857603,0.13443338434493324,28.88625286783062,test
congestion,LinearRegression,17.11794696796977,20.939877548431227,0.1693770243098024,29.395212806779103,test
congestion,RandomForest,16.215091938868493,20.616461700099162,0.1948367807860788,28.335287075155268,test
congestion,HistGradientBoosting,16.727846889353064,21.012237377594975,0.16362650511975207,28.793264900074707,test
congestion,RandomForest (Tuned) (best),16.342871958097593,20.836183104641112,0.24018568655988493,31.22107428290543,test
traffic_volume,prev_day_baseline,11854.882869692532,15062.88499784395,-0.4288522803325663,52.01711546397826,test
traffic_volume,7day_baseline,8914.893014013804,11193.010131613004,0.21102216013242447,40.696111114826124,test
traffic_volume,LinearRegression,8827.660437175127,10980.237152900529,0.2407331270323365,40.313390380008464,test
traffic_volume,RandomForest,8568.162936775767,10674.961475851389,0.28236494598429507,39.45646401745402,test
traffic_volume,HistGradientBoosting,8587.68293367048,10651.655216967829,0.28549509880435464,39.155826352786264,test
traffic_volume,RandomForest (Tuned) (best),8565.711066257343,10583.637827514265,0.32372062098421084,41.08479347439783,test
average_speed,prev_day_baseline,11.955795429254058,14.973233038339018,-0.9607904550291806,33.59138449667327,test
average_speed,7day_baseline,8.8727779366523,11.124431359667128,-0.08231993522270042,25.456186804564528,test
average_speed,LinearRegression,8.425146863067699,10.532070581918491,0.02987535331559421,24.352404094110888,test
average_speed,RandomForest,8.496386978314971,10.561812770109608,0.024388422632450002,24.6993600515724,test
average_speed,HistGradientBoosting,8.586662198448265,10.743523229901934,-0.009470125500033344,24.858468025152096,test
average_speed,LinearRegression (best),8.419626482960437,10.568840539116787,0.004775453679472075,23.792321627287112,test
test_predictions,congestion,,,,,test
test_predictions,traffic_volume,,,,,test
test_predictions,average_speed,,,,,test
